CustomerID,Age,Tenure,MonthlyCharges,TotalCharges,SupportCalls,Churn,Gender_Male,ContractType_One year,ContractType_Two year,InternetService_Fiber
1,56,6,1504.0,9120.0,2,0,True,True,False,True
2,69,8,1434.0,13802.0,1,0,True,False,False,True
3,46,47,1818.0,86081.0,0,0,False,False,False,False
4,32,71,1578.0,110749.0,1,0,True,False,True,True
5,60,58,1475.0,81768.0,0,0,True,False,False,True
6,25,38,315.0,12329.0,1,0,False,False,False,True
7,78,17,1679.0,25122.0,2,0,True,True,False,True
8,38,58,1233.0,70200.0,1,0,True,False,True,False
9,56,16,1325.0,19757.0,1,0,True,True,False,True
10,75,13,1328.0,16247.0,1,0,True,True,False,True
11,36,30,1510.0,42668.0,1,0,True,True,False,True
12,40,23,1649.0,36476.0,0,0,False,False,False,True
13,28,59,1454.0,88078.0,3,0,True,True,False,True
14,28,44,1390.0,63446.0,0,1,True,False,False,False
15,41,2,1293.0,5651.0,1,0,True,False,True,False
16,70,36,100.0,3620.0,0,0,True,False,False,False
17,53,42,1085.0,46112.0,0,0,True,False,False,True
18,57,39,823.0,34418.0,2,0,False,False,False,False
19,41,54,1684.0,87995.0,1,0,True,True,False,False
20,20,38,1448.0,56635.0,0,0,False,False,False,True
21,39,14,1017.0,16843.0,3,0,False,False,True,False
22,70,3,1057.0,1393.0,2,1,True,True,False,True
23,19,24,1042.0,27773.0,1,1,True,False,False,False
24,41,12,1035.0,16535.0,0,0,True,True,False,True
25,61,32,622.0,21460.0,0,0,True,True,False,True
26,47,15,535.0,9214.0,0,0,False,True,False,True
27,55,41,1212.0,47452.0,1,0,True,False,False,False
28,19,65,1630.0,108088.0,0,0,True,False,False,False
29,77,54,985.0,51139.0,1,0,True,False,False,False
30,38,41,1321.0,54900.0,0,1,True,False,False,True
31,50,33,1494.0,50244.0,4,0,True,False,True,True
32,29,29,803.0,16694.0,1,0,True,False,False,False
33,75,12,1192.0,15116.0,0,0,False,True,False,True
34,39,12,933.0,16439.0,0,1,False,False,False,True
35,78,17,1842.0,27130.0,1,1,True,False,False,False
36,61,31,1825.0,56467.0,1,0,True,True,False,False
37,42,38,803.0,26620.0,3,1,True,False,True,True
38,66,45,1354.0,59142.0,2,1,False,False,False,True
39,44,28,1627.0,41696.0,1,1,True,False,False,True
40,76,61,1539.0,94198.0,2,0,False,False,False,False
41,59,61,1233.0,76800.0,0,0,True,False,False,False
42,45,56,1723.0,97307.0,2,1,True,False,False,False
43,77,15,838.0,10710.0,3,1,True,False,False,True
44,33,55,1079.0,58126.0,0,0,True,False,False,True
45,32,9,849.0,8186.0,2,0,False,True,False,True
46,79,29,1513.0,42079.0,0,1,False,False,False,True
47,79,24,967.0,20550.0,0,1,True,False,False,True
48,64,4,1132.0,4050.0,1,0,True,False,False,True
49,79,64,1447.0,90719.0,1,0,False,True,False,False
50,68,48,1479.0,71815.0,3,0,False,False,True,True
51,61,2,837.0,4271.0,3,0,False,False,False,True
52,72,44,1623.0,76607.0,0,0,False,True,False,False
53,69,13,1382.0,18642.0,0,0,True,False,False,False
54,74,29,767.0,23535.0,2,1,False,False,False,True
55,20,67,669.0,43624.0,1,0,True,False,False,True
56,54,17,1194.0,19223.0,0,1,False,False,False,False
57,68,61,1540.0,96508.0,1,0,False,True,False,True
58,24,36,1550.0,55247.0,1,0,False,False,True,False
59,38,24,1342.0,32354.0,1,1,False,False,False,True
60,26,47,1219.0,59739.0,3,0,False,True,False,True
61,56,64,1405.0,89383.0,0,1,True,False,False,True
62,35,52,858.0,47617.0,0,1,True,False,False,False
63,21,14,1875.0,27396.0,0,1,False,False,False,False
64,42,48,1870.0,90671.0,2,1,False,False,False,True
65,77,67,1372.0,90628.0,0,1,True,False,False,True
66,31,11,1279.0,15087.0,1,0,False,False,False,False
67,67,58,1035.0,59172.0,2,1,False,False,False,False
68,75,36,1411.0,51735.0,1,1,True,False,False,True
69,26,60,923.0,55176.0,3,0,False,True,False,True
70,43,42,311.0,14996.0,1,0,False,False,False,False
71,70,69,114.0,7802.0,1,0,True,False,True,True
72,19,38,880.0,37516.0,2,0,True,False,False,True
73,37,55,1263.0,68914.0,1,0,True,True,False,False
74,45,62,1333.0,81577.0,4,0,False,False,True,True
75,64,45,1005.0,45917.0,1,0,True,True,False,False
76,77,10,1257.0,14726.0,1,0,True,False,False,True
77,24,61,1090.0,68630.0,0,0,True,True,False,True
78,61,24,800.0,19534.0,0,0,True,False,False,False
79,78,70,1179.0,83208.0,0,0,True,False,False,False
80,25,51,1525.0,78456.0,2,0,True,False,False,True
81,64,3,818.0,298.0,1,0,False,False,False,False
82,52,58,819.0,49550.0,1,0,False,False,False,True
83,31,71,772.0,52296.0,3,0,True,False,True,False
84,34,19,425.0,5923.0,3,1,True,True,False,True
85,53,62,1008.0,62606.0,2,1,True,False,False,True
86,67,53,1486.0,78118.0,0,0,False,False,True,True
87,57,56,1270.0,72712.0,2,0,False,False,False,True
88,21,40,1132.0,46175.0,1,0,False,False,True,True
89,19,2,1252.0,2780.0,0,0,False,False,False,True
90,79,5,1004.0,2769.0,0,0,False,False,False,True
91,23,4,421.0,1737.0,0,0,False,True,False,True
92,71,4,1513.0,5947.0,1,0,False,True,False,False
93,59,53,1628.0,86728.0,0,0,False,True,False,True
94,21,46,909.0,40954.0,0,0,False,False,True,True
95,71,48,1140.0,55766.0,0,0,True,True,False,True
96,46,8,1105.0,8147.0,0,1,True,True,False,False
97,35,19,1341.0,26337.0,1,0,True,False,True,False
98,43,60,1876.0,114152.0,2,0,True,True,False,True
99,61,34,1664.0,55507.0,1,1,False,False,False,True
100,51,49,1049.0,49857.0,0,0,False,False,True,True
101,27,61,1417.0,87390.0,0,0,True,False,False,True
102,79,16,1702.0,24590.0,1,0,False,True,False,False
103,53,2,1363.0,4949.0,1,1,True,False,True,True
104,31,31,1198.0,37160.0,1,0,False,True,False,True
105,48,12,1378.0,16306.0,1,0,True,True,False,True
106,65,67,919.0,62665.0,0,0,False,True,False,True
107,32,13,977.0,13669.0,0,1,False,False,False,False
108,25,10,774.0,7753.0,0,0,True,False,True,True
109,31,55,1323.0,74522.0,2,1,False,False,False,False
110,40,66,1147.0,74357.0,3,1,True,False,False,True
111,77,28,871.0,25813.0,2,1,True,False,False,True
112,74,8,1134.0,6915.0,1,0,True,False,False,False
113,79,66,1388.0,92629.0,0,1,True,False,False,True
114,57,24,1966.0,46528.0,2,0,False,True,False,False
115,38,41,1605.0,63183.0,2,0,False,False,False,False
116,33,8,286.0,2801.0,2,1,False,False,False,True
117,62,39,1296.0,50475.0,1,0,True,False,False,True
118,35,24,1772.0,39443.0,0,0,False,False,False,True
119,64,4,665.0,1567.0,0,0,True,True,False,True
120,70,10,1421.0,13905.0,0,1,False,False,False,True
121,41,58,1105.0,67326.0,0,0,False,False,False,True
122,43,37,1660.0,62062.0,0,0,False,False,False,True
123,42,71,1362.0,95365.0,1,0,True,False,False,False
124,77,4,846.0,5548.0,1,1,False,False,False,False
125,77,47,1120.0,54454.0,2,1,False,False,False,False
126,77,17,1143.0,21974.0,3,0,True,True,False,True
127,62,69,1151.0,80787.0,2,0,False,True,False,True
128,58,36,1648.0,61100.0,0,0,True,False,False,False
129,46,59,863.0,52379.0,2,1,False,False,True,False
130,32,47,1601.0,74292.0,0,0,True,False,False,False
131,62,27,1079.0,25858.0,2,1,True,False,False,True
132,18,68,1289.0,86610.0,1,0,False,False,True,False
133,42,39,1229.0,50141.0,2,0,True,False,False,False
134,24,44,1191.0,51642.0,2,1,True,False,True,True
135,26,61,1195.0,72604.0,0,1,True,False,False,True
136,41,57,1783.0,99299.0,1,1,True,False,False,False
137,18,66,1537.0,100340.0,0,0,True,False,False,True
138,61,55,1055.0,58007.0,1,0,True,True,False,True
139,25,39,1833.0,72472.0,1,0,False,True,False,False
140,41,39,1310.0,50173.0,2,0,True,True,False,True
141,28,32,1343.0,41919.0,1,1,True,False,False,True
142,68,5,865.0,6009.0,3,1,False,False,False,True
143,34,18,1001.0,18669.0,1,0,False,False,False,True
144,25,39,925.0,36972.0,1,1,False,False,False,False
145,52,58,1234.0,74629.0,1,1,False,False,True,True
146,52,58,1456.0,83438.0,1,1,False,False,False,True
147,50,47,1347.0,63211.0,1,0,False,True,False,True
148,76,40,1835.0,74502.0,0,0,False,True,False,True
149,22,12,845.0,8397.0,3,0,True,False,False,False
150,59,44,1246.0,55282.0,0,0,True,True,False,False
151,56,52,687.0,35768.0,2,1,False,False,False,True
152,75,41,831.0,39626.0,5,1,True,False,False,True
153,58,62,1706.0,105972.0,0,0,True,False,False,True
154,45,26,1015.0,28704.0,2,1,True,False,False,True
155,24,37,879.0,34183.0,1,1,False,False,False,False
156,26,59,348.0,18219.0,1,1,False,False,False,True
157,25,6,875.0,2152.0,0,1,True,False,False,False
158,29,4,1118.0,4966.0,2,1,False,False,False,False
159,51,44,657.0,31423.0,2,0,True,True,False,True
160,50,57,1095.0,62991.0,0,0,True,True,False,False
161,65,30,1708.0,51398.0,1,0,True,False,False,True
162,72,22,917.0,19606.0,1,1,True,False,False,True
163,40,41,823.0,31095.0,1,0,False,True,False,False
164,79,9,750.0,4829.0,1,1,False,False,False,True
165,41,31,743.0,19788.0,0,0,False,True,False,False
166,54,52,1414.0,71322.0,1,0,True,False,False,True
167,52,29,1219.0,34299.0,1,1,False,False,False,True
168,61,38,1583.0,61706.0,1,0,True,False,False,True
169,57,30,2008.0,59350.0,1,1,False,False,False,True
170,39,1,468.0,979.0,0,0,True,True,False,True
171,44,11,1352.0,15142.0,2,1,True,False,False,False
172,52,38,753.0,29612.0,1,0,True,True,False,True
173,18,65,1516.0,96470.0,1,0,False,False,True,False
174,52,12,1091.0,15210.0,2,1,False,False,False,True
175,54,45,1211.0,51681.0,0,0,False,True,False,True
176,64,26,687.0,16966.0,2,1,False,False,False,True
177,31,16,1029.0,16422.0,0,1,True,False,False,True
178,20,59,1236.0,74444.0,1,0,False,True,False,False
179,18,63,1742.0,112505.0,2,0,False,False,False,True
180,22,34,882.0,31524.0,2,1,True,False,False,True
181,43,69,980.0,70452.0,2,1,True,False,False,True
182,72,29,1578.0,44104.0,1,0,True,False,False,True
183,31,70,856.0,62301.0,2,0,False,False,True,True
184,56,62,1657.0,104771.0,3,1,True,False,True,True
185,44,27,1196.0,27499.0,1,0,True,True,False,True
186,26,59,1321.0,77498.0,2,0,True,True,False,False
187,32,36,1347.0,49696.0,1,1,False,False,False,True
188,32,21,954.0,19003.0,4,1,True,False,False,True
189,43,67,1356.0,88680.0,0,0,False,False,False,True
190,59,19,891.0,21157.0,1,1,False,False,False,True
191,77,67,999.0,67155.0,0,0,True,False,False,True
192,30,63,1423.0,89926.0,0,0,True,False,True,False
193,68,16,1317.0,18454.0,3,1,False,False,False,False
194,49,11,1170.0,11645.0,0,1,True,False,False,False
195,56,21,697.0,12841.0,3,1,True,False,False,True
196,66,16,796.0,14894.0,0,0,False,True,False,False
197,69,9,1311.0,12808.0,0,0,False,True,False,False
198,78,64,1493.0,94411.0,3,0,True,False,False,True
199,49,21,756.0,16997.0,2,1,False,False,False,False
200,21,49,864.0,41829.0,2,0,True,True,False,True
201,47,13,1254.0,16771.0,5,1,True,False,False,True
202,54,63,1245.0,78895.0,1,0,True,False,False,False
203,40,46,550.0,26141.0,1,0,False,True,False,True
204,56,28,1265.0,36019.0,0,0,True,True,False,False
205,62,35,961.0,34477.0,0,1,True,False,False,True
206,32,51,1856.0,97168.0,0,0,True,True,False,False
207,60,6,1300.0,9081.0,4,0,False,True,False,True
208,46,28,1369.0,37658.0,2,1,False,False,False,False
209,53,10,1379.0,13594.0,0,0,False,False,True,True
210,30,32,714.0,25308.0,2,0,False,True,False,True
211,49,5,1978.0,10115.0,1,1,False,True,False,True
212,24,31,551.0,16333.0,0,1,True,True,False,True
213,76,50,1518.0,74638.0,1,1,False,False,False,True
214,68,57,1447.0,83025.0,2,1,False,False,False,False
215,39,25,1009.0,23515.0,2,1,False,False,False,False
216,45,45,1467.0,68585.0,4,0,True,False,False,True
217,19,28,1073.0,27968.0,2,0,False,False,False,True
218,59,3,930.0,5746.0,0,1,False,False,True,True
219,62,12,1388.0,16086.0,1,0,True,True,False,True
220,79,38,797.0,28133.0,0,0,False,True,False,True
221,74,14,1110.0,15918.0,2,1,True,False,True,False
222,70,28,962.0,25030.0,3,0,True,True,False,False
223,23,28,1066.0,29917.0,4,1,True,False,False,True
224,45,31,1373.0,41408.0,0,0,True,False,False,False
225,45,1,962.0,2852.0,1,1,True,False,False,True
226,61,46,1123.0,51931.0,2,0,False,True,False,True
227,61,21,999.0,18602.0,1,1,True,False,False,False
228,37,26,1778.0,45034.0,1,0,True,True,False,True
229,47,66,1337.0,89652.0,1,1,False,False,False,True
230,79,55,1288.0,73414.0,0,0,True,True,False,True
231,28,20,1473.0,29369.0,3,0,False,True,False,True
232,75,46,962.0,42163.0,1,0,False,True,False,False
233,72,58,1544.0,91660.0,0,0,False,False,True,False
234,45,5,1338.0,8091.0,1,0,True,True,False,False
235,42,18,576.0,12981.0,1,1,True,False,True,True
236,56,56,629.0,35804.0,2,0,True,False,True,True
237,79,68,971.0,64987.0,1,0,False,True,False,False
238,50,2,672.0,2378.0,1,0,True,True,False,False
239,18,0,1105.0,653.0,2,0,True,False,False,True
240,74,57,795.0,44165.0,0,1,True,False,False,True
241,44,37,1161.0,43354.0,1,1,False,False,False,True
242,79,14,1765.0,24320.0,2,0,False,False,False,True
243,74,33,1180.0,40427.0,4,1,True,False,False,False
244,69,60,1079.0,65724.0,0,0,True,False,True,True
245,30,34,1355.0,43967.0,2,0,True,False,True,True
246,58,63,921.0,55718.0,2,0,True,True,False,True
247,20,24,1537.0,36708.0,1,1,False,False,False,False
248,56,23,1398.0,32220.0,1,0,False,False,False,True
249,23,11,1216.0,14898.0,1,0,False,False,False,False
250,25,17,1262.0,22481.0,2,0,False,False,False,False
251,44,14,2017.0,31155.0,1,0,True,False,False,True
252,26,26,1577.0,40068.0,0,0,True,False,False,True
253,79,71,2080.0,146631.0,1,0,True,False,True,True
254,54,59,1413.0,81447.0,1,1,False,True,False,True
255,50,45,611.0,28994.0,1,1,True,False,False,False
256,68,16,1095.0,17564.0,1,1,False,False,False,True
257,59,52,520.0,23333.0,3,1,False,False,False,True
258,61,7,1411.0,10281.0,0,1,True,False,False,True
259,41,26,1498.0,39480.0,0,0,True,False,True,True
260,32,45,846.0,37781.0,0,1,True,False,False,True
261,76,49,938.0,46555.0,1,0,False,False,False,False
262,71,70,1260.0,85760.0,0,0,True,False,False,True
263,49,2,721.0,4724.0,0,0,False,False,False,False
264,49,63,691.0,44294.0,0,0,True,True,False,True
265,41,43,1695.0,69338.0,0,1,False,True,False,True
266,58,52,1246.0,64780.0,0,0,False,True,False,False
267,69,23,977.0,23284.0,1,0,True,False,False,True
268,66,59,523.0,28631.0,0,0,False,False,False,False
269,79,2,1541.0,4149.0,1,1,False,False,False,False
270,66,19,926.0,20956.0,0,0,True,False,True,False
271,75,45,1944.0,86191.0,0,1,False,False,False,True
272,69,14,1544.0,22473.0,2,1,True,False,False,False
273,29,24,877.0,21465.0,0,0,False,True,False,True
274,79,70,914.0,65917.0,1,0,True,True,False,False
275,56,16,1889.0,30006.0,0,0,True,False,False,True
276,19,8,1166.0,7195.0,3,1,False,False,False,False
277,20,37,995.0,38623.0,0,1,False,False,False,False
278,66,47,1211.0,54902.0,0,0,False,False,True,False
279,54,59,993.0,62205.0,1,1,False,False,False,True
280,66,62,1296.0,81474.0,3,1,False,False,True,True
281,73,1,1170.0,28.0,1,0,True,False,False,False
282,34,71,1550.0,112267.0,1,1,False,False,True,True
283,76,10,1045.0,10432.0,0,0,True,True,False,False
284,66,63,846.0,52855.0,0,1,True,False,False,True
285,19,71,1060.0,73898.0,1,0,False,False,True,False
286,19,20,1058.0,17404.0,2,0,True,False,False,True
287,45,17,1169.0,21082.0,1,0,True,False,True,True
288,71,63,1454.0,88346.0,4,1,True,True,False,True
289,40,37,1432.0,51397.0,0,0,True,False,False,False
290,54,31,1680.0,52946.0,2,0,False,True,False,False
291,49,10,875.0,7749.0,0,0,True,False,True,True
292,50,44,1355.0,59934.0,1,0,False,False,False,False
293,18,32,1491.0,45285.0,1,0,False,False,False,False
294,36,40,930.0,36503.0,0,1,True,True,False,False
295,79,7,1117.0,8146.0,0,0,False,True,False,True
296,19,10,500.0,3097.0,3,0,False,False,False,False
297,70,50,1563.0,81523.0,0,1,False,False,False,False
298,61,40,1114.0,43285.0,2,1,True,False,False,True
299,43,16,1523.0,27125.0,1,1,False,False,False,True
300,49,45,1282.0,57354.0,0,0,False,False,False,False
301,23,31,1126.0,31769.0,0,1,False,False,True,False
302,49,53,563.0,27565.0,1,1,True,False,False,True
303,72,19,634.0,12398.0,3,1,False,True,False,True
304,21,32,163.0,7282.0,0,0,True,False,False,True
305,72,39,975.0,41565.0,0,1,True,False,False,True
306,28,31,2111.0,65697.0,0,0,True,False,False,True
307,73,1,685.0,1669.0,3,1,True,False,False,False
308,76,32,147.0,5261.0,1,0,True,True,False,False
309,34,29,1585.0,44315.0,0,0,True,False,True,False
310,55,32,2145.0,69424.0,2,1,False,True,False,True
311,41,25,1319.0,31092.0,2,1,True,False,True,True
312,22,21,1315.0,23436.0,1,0,False,False,True,True
313,69,65,1076.0,72574.0,0,1,False,False,False,False
314,51,37,482.0,17381.0,2,1,True,True,False,True
315,23,45,620.0,27999.0,2,0,False,True,False,True
316,39,14,1073.0,17015.0,1,0,False,False,False,True
317,28,43,997.0,46629.0,1,0,False,True,False,True
318,65,48,1154.0,56832.0,1,1,False,False,False,False
319,33,60,1532.0,92126.0,1,0,True,False,False,True
320,50,66,967.0,64748.0,1,0,False,True,False,True
321,26,5,1540.0,7110.0,0,0,True,False,False,True
322,77,8,970.0,7832.0,3,0,False,False,False,False
323,76,5,1615.0,8365.0,2,0,False,False,True,True
324,23,31,1235.0,36712.0,0,1,True,True,False,False
325,33,40,1026.0,41082.0,3,1,False,False,False,True
326,46,7,1228.0,9330.0,1,1,False,True,False,True
327,20,71,1083.0,77927.0,2,1,False,False,False,False
328,37,49,1245.0,61880.0,1,0,True,False,False,True
329,77,61,1503.0,89005.0,2,1,False,False,True,True
330,76,61,1165.0,73524.0,1,0,True,True,False,True
331,53,6,1052.0,8605.0,0,0,False,False,False,True
332,36,3,751.0,2061.0,2,0,True,True,False,True
333,43,5,1432.0,8071.0,0,0,True,False,True,False
334,20,57,1339.0,75890.0,1,0,False,False,False,True
335,36,21,727.0,16771.0,1,0,False,False,False,True
336,37,25,1534.0,36721.0,3,1,True,False,False,True
337,49,2,721.0,4127.0,0,0,True,True,False,True
338,24,40,1612.0,65884.0,0,0,False,True,False,True
339,69,59,1475.0,88476.0,2,0,True,True,False,True
340,58,13,1368.0,17574.0,2,0,False,False,True,True
341,50,11,1049.0,8714.0,0,0,False,True,False,True
342,57,11,1430.0,17498.0,0,1,False,False,False,True
343,56,12,1631.0,16813.0,0,1,False,False,False,False
344,35,24,1437.0,36280.0,2,0,True,False,False,True
345,57,44,932.0,39464.0,3,0,False,False,False,True
346,18,18,1307.0,20352.0,0,0,True,True,False,False
347,28,54,1653.0,89264.0,2,0,False,False,True,True
348,45,44,2080.0,93886.0,1,1,True,False,False,True
349,74,7,1118.0,5895.0,4,0,False,False,False,True
350,42,52,1543.0,83434.0,1,0,True,True,False,False
351,67,54,1654.0,90629.0,2,1,True,False,False,True
352,40,31,875.0,27439.0,2,0,False,False,False,True
353,48,50,1913.0,94779.0,2,1,False,False,False,True
354,47,43,774.0,32550.0,2,0,False,False,False,False
355,59,69,1524.0,106016.0,1,0,False,False,True,True
356,52,17,1322.0,24166.0,1,0,True,False,False,False
357,24,21,1222.0,24475.0,1,1,False,False,False,False
358,77,36,2219.0,78271.0,4,1,True,False,False,False
359,33,55,1079.0,58917.0,0,0,True,False,True,True
360,43,58,1073.0,65021.0,0,0,False,False,False,True
361,65,2,1733.0,1032.0,2,1,True,False,False,True
362,74,27,1505.0,42920.0,1,0,True,False,False,True
363,69,34,1713.0,58327.0,0,1,True,False,False,True
364,77,60,1247.0,71515.0,4,0,True,False,False,False
365,66,53,1327.0,69408.0,1,0,False,True,False,True
366,19,62,1960.0,122739.0,0,0,False,False,False,True
367,18,6,866.0,8800.0,3,1,False,False,False,False
368,65,48,1159.0,52977.0,0,1,False,True,False,False
369,79,30,1519.0,39932.0,1,1,True,False,False,True
370,29,57,1122.0,61335.0,1,1,True,False,False,False
371,22,60,972.0,60581.0,0,0,False,False,False,True
372,54,23,1447.0,29694.0,2,0,False,False,True,False
373,49,19,1734.0,35941.0,0,0,False,False,False,False
374,76,36,1144.0,43614.0,1,0,True,False,True,False
375,72,3,1133.0,3781.0,2,1,False,True,False,False
376,26,19,941.0,16626.0,1,1,False,False,False,True
377,58,59,1082.0,63949.0,1,1,False,False,True,True
378,52,23,1633.0,38781.0,1,0,True,False,False,False
379,36,49,1232.0,61285.0,2,0,True,False,False,True
380,65,48,878.0,45623.0,1,0,True,True,False,False
381,33,50,1305.0,64730.0,1,0,True,True,False,True
382,20,35,1620.0,54098.0,0,0,True,True,False,True
383,37,65,975.0,60420.0,1,1,True,False,False,True
384,41,33,669.0,18722.0,5,0,True,False,False,True
385,71,35,2076.0,73053.0,1,0,True,True,False,False
386,73,5,649.0,2776.0,1,0,False,False,False,False
387,50,38,1056.0,40193.0,2,1,False,False,False,False
388,41,41,1293.0,51939.0,1,0,True,False,False,False
389,69,57,1091.0,59967.0,2,0,True,False,False,False
390,28,11,1170.0,14099.0,0,1,False,False,True,False
391,66,2,1431.0,2064.0,0,0,True,False,False,True
392,25,17,243.0,2528.0,0,1,True,False,True,False
393,53,39,693.0,28600.0,2,0,True,False,False,True
394,55,20,1218.0,22558.0,3,0,False,True,False,True
395,57,14,1038.0,15315.0,1,0,False,False,False,False
396,37,25,1252.0,29699.0,0,1,False,False,False,True
397,79,7,1291.0,8125.0,0,1,False,False,False,True
398,52,41,354.0,15664.0,3,1,False,False,False,True
399,65,43,1709.0,70931.0,1,1,True,False,False,True
400,79,13,1001.0,14504.0,0,1,False,False,True,True
401,42,1,854.0,946.0,4,1,True,True,False,True
402,52,36,1283.0,48701.0,0,1,True,False,False,True
403,42,68,1243.0,84940.0,1,0,False,False,False,True
404,46,37,1679.0,59984.0,2,1,False,False,False,True
405,35,40,1309.0,55816.0,0,0,True,False,False,True
406,63,61,1663.0,99471.0,0,0,True,True,False,True
407,35,59,825.0,48221.0,1,0,True,False,True,False
408,19,13,1257.0,18256.0,2,0,False,False,False,False
409,71,1,754.0,3006.0,0,1,False,False,False,True
410,52,69,1239.0,88370.0,0,0,False,False,False,False
411,33,16,1154.0,16162.0,1,0,False,True,False,False
412,78,27,1137.0,29789.0,1,1,False,False,False,True
413,58,65,1141.0,74743.0,2,0,True,True,False,True
414,53,34,1495.0,50747.0,1,0,False,True,False,True
415,50,4,557.0,3806.0,0,0,True,False,False,False
416,21,64,840.0,50558.0,3,0,True,True,False,True
417,50,39,1184.0,47631.0,3,0,True,False,False,True
418,31,55,729.0,41709.0,3,0,False,True,False,True
419,38,35,1218.0,44688.0,1,1,False,False,False,True
420,65,44,1180.0,48741.0,1,1,False,False,False,True
421,37,22,638.0,11098.0,2,0,True,False,True,True
422,73,46,619.0,27789.0,0,0,True,False,True,True
423,25,30,150.0,1778.0,0,0,True,True,False,False
424,24,10,712.0,3512.0,1,1,True,False,False,False
425,20,9,1206.0,10083.0,0,0,True,True,False,True
426,34,66,1262.0,83760.0,0,0,True,False,False,True
427,50,13,1281.0,22251.0,1,1,False,False,True,True
428,65,9,889.0,9098.0,1,0,False,False,False,True
429,29,0,1193.0,3505.0,1,0,False,False,True,False
430,76,4,1359.0,5348.0,1,0,False,False,True,True
431,68,19,693.0,14286.0,4,0,True,True,False,True
432,39,7,1249.0,8451.0,2,0,True,False,False,False
433,72,42,1463.0,66812.0,2,1,False,False,False,True
434,39,0,1004.0,1371.0,0,0,True,False,True,False
435,63,56,1625.0,89900.0,0,1,False,False,False,False
436,47,63,1013.0,65412.0,1,0,False,False,True,False
437,55,27,856.0,23527.0,0,1,False,False,False,True
438,55,36,1423.0,50380.0,0,0,True,False,False,False
439,62,46,2013.0,94519.0,2,1,False,False,True,True
440,68,36,1234.0,44342.0,0,0,False,True,False,False
441,71,48,1454.0,69696.0,0,1,False,False,False,False
442,25,43,997.0,43332.0,2,0,True,False,False,True
443,44,55,703.0,35197.0,0,0,True,False,False,False
444,44,27,1267.0,31022.0,2,0,False,True,False,True
445,51,5,1330.0,8824.0,0,0,True,False,False,True
446,38,60,1057.0,62066.0,2,1,True,False,True,False
447,47,19,1452.0,27322.0,2,0,True,False,True,True
448,50,1,938.0,4163.0,2,0,True,False,False,False
449,45,36,839.0,30028.0,1,0,True,True,False,True
450,64,19,1624.0,30436.0,1,0,True,False,False,False
451,50,25,1626.0,42442.0,2,0,True,False,False,True
452,22,28,946.0,25291.0,2,0,True,False,True,False
453,77,0,1888.0,2406.0,2,0,True,False,False,False
454,78,34,1085.0,38641.0,1,0,True,False,False,True
455,65,69,1234.0,88807.0,0,0,False,False,False,True
456,36,58,1166.0,66247.0,2,0,False,False,False,True
457,21,68,1410.0,98614.0,1,1,True,False,False,False
458,52,32,1309.0,42996.0,2,0,False,True,False,True
459,66,50,1303.0,62499.0,0,1,False,True,False,True
460,34,11,792.0,3520.0,3,1,True,True,False,False
461,61,19,525.0,8379.0,1,0,True,False,False,True
462,45,52,1657.0,86749.0,2,0,True,False,False,True
463,47,42,982.0,42119.0,1,1,False,False,False,True
464,46,49,1180.0,57702.0,2,1,False,False,False,True
465,63,28,1331.0,37168.0,1,0,True,False,False,True
466,70,56,1852.0,103460.0,1,0,True,False,False,True
467,23,38,1265.0,50132.0,1,0,True,False,False,True
468,52,55,1042.0,54437.0,2,0,False,False,False,True
469,77,42,991.0,42159.0,2,0,False,False,True,False
470,58,49,1185.0,56419.0,0,0,False,False,True,True
471,54,22,836.0,16579.0,1,1,False,True,False,True
472,41,43,1212.0,54468.0,0,0,True,False,True,False
473,46,37,1179.0,41656.0,1,0,True,True,False,True
474,66,22,1857.0,40575.0,0,0,True,False,False,False
475,63,44,1167.0,55265.0,0,0,True,False,False,False
476,70,51,430.0,23606.0,0,0,False,True,False,True
477,48,49,2269.0,110271.0,0,0,False,True,False,False
478,52,7,1583.0,10336.0,1,1,True,True,False,True
479,77,0,2033.0,2454.0,1,0,True,True,False,False
480,50,7,737.0,7760.0,1,0,False,False,False,False
481,69,28,1111.0,33131.0,2,1,True,True,False,False
482,78,4,1470.0,7253.0,2,1,False,False,True,True
483,38,46,1415.0,66684.0,3,0,True,False,False,False
484,49,33,1323.0,42110.0,4,0,True,True,False,True
485,40,64,320.0,17384.0,1,0,True,False,False,True
486,50,54,515.0,28931.0,0,0,True,True,False,True
487,20,42,1807.0,77671.0,1,0,True,True,False,True
488,35,29,1878.0,57676.0,0,1,True,False,False,False
489,42,16,1157.0,18110.0,1,0,True,True,False,False
490,59,25,1756.0,43206.0,2,1,False,False,False,False
491,48,7,791.0,5058.0,0,0,False,True,False,True
492,71,46,882.0,41913.0,0,0,False,False,False,False
493,75,71,759.0,53325.0,1,0,False,True,False,True
494,20,45,860.0,38596.0,1,0,False,False,False,True
495,57,67,1489.0,101425.0,1,0,True,True,False,False
496,63,32,855.0,26108.0,1,0,True,False,False,True
497,41,0,2096.0,2782.0,1,0,False,False,True,True
498,67,18,1384.0,26178.0,1,1,True,False,True,True
499,49,30,1634.0,45305.0,1,0,False,False,True,True
500,64,13,1396.0,17117.0,0,0,False,True,False,True
501,39,52,1686.0,83623.0,0,0,True,True,False,False
502,40,47,853.0,39698.0,2,1,True,False,False,True
503,19,68,1779.0,119975.0,0,0,True,False,False,True
504,44,61,1256.0,78286.0,0,0,False,False,False,True
505,59,65,1684.0,107698.0,0,0,True,True,False,True
506,19,63,624.0,40087.0,0,0,False,False,True,False
507,43,69,1272.0,88906.0,2,1,False,False,False,True
508,34,62,1258.0,78510.0,1,0,False,False,True,True
509,57,32,952.0,32744.0,1,0,True,True,False,True
510,50,40,1325.0,57137.0,4,0,True,True,False,True
511,26,47,1816.0,85576.0,1,1,False,False,False,False
512,60,12,922.0,11874.0,2,1,True,False,False,True
513,71,30,1585.0,45789.0,1,0,True,False,False,False
514,65,67,749.0,48144.0,4,0,True,True,False,False
515,56,3,2044.0,8200.0,4,1,False,False,False,False
516,46,18,1514.0,29055.0,3,1,False,False,False,True
517,59,69,1890.0,128351.0,0,0,True,False,True,True
518,72,12,1469.0,15012.0,1,0,False,True,False,False
519,43,22,1356.0,28535.0,0,1,True,False,True,True
520,52,0,1517.0,283.0,0,0,True,False,False,True
521,67,53,1145.0,59867.0,1,0,True,False,False,True
522,42,70,553.0,39031.0,1,0,True,True,False,True
523,41,14,1379.0,21140.0,4,1,False,False,False,True
524,30,64,898.0,58396.0,2,0,False,False,False,False
525,77,70,759.0,54202.0,0,1,False,False,False,True
526,75,14,1455.0,15467.0,1,1,True,False,False,True
527,24,20,1088.0,18532.0,1,1,True,False,False,True
528,74,18,1611.0,27405.0,1,0,True,False,False,True
529,53,59,884.0,50893.0,0,1,False,False,False,True
530,62,32,1012.0,34064.0,1,0,True,False,False,True
531,37,48,1660.0,77922.0,3,1,False,True,False,True
532,18,34,1312.0,45942.0,1,1,False,False,False,True
533,25,43,609.0,24617.0,0,0,False,True,False,True
534,63,10,1303.0,10628.0,1,1,False,False,False,True
535,33,71,1792.0,124923.0,0,0,False,False,False,False
536,31,65,1009.0,70102.0,2,0,False,True,False,False
537,29,45,1439.0,63140.0,0,1,True,False,False,True
538,68,8,860.0,8262.0,1,1,True,False,False,True
539,40,2,1145.0,826.0,1,1,False,False,False,False
540,32,25,1636.0,43738.0,2,1,False,False,True,False
541,45,71,1288.0,92146.0,2,0,True,False,False,False
542,51,47,1716.0,81200.0,1,0,False,False,False,False
543,19,65,1370.0,89878.0,0,0,False,True,False,True
544,49,69,2087.0,145051.0,2,0,True,False,False,True
545,40,27,574.0,17116.0,1,0,False,False,False,True
546,39,25,1113.0,26627.0,3,0,False,False,False,True
547,68,24,766.0,17069.0,2,1,False,True,False,False
548,42,11,794.0,8832.0,0,1,True,False,False,False
549,75,4,797.0,4557.0,1,1,True,False,False,True
550,79,47,1267.0,59416.0,0,1,True,False,False,False
551,78,36,1291.0,48024.0,0,1,False,True,False,True
552,39,43,1371.0,60189.0,2,0,False,False,False,True
553,75,14,751.0,10080.0,2,0,True,False,True,True
554,75,42,1070.0,41446.0,0,0,False,False,False,False
555,39,47,814.0,37251.0,3,1,False,False,True,True
556,66,69,1574.0,112092.0,0,0,False,False,True,False
557,69,45,852.0,39020.0,2,0,False,False,False,True
558,59,42,1115.0,45551.0,0,0,False,False,False,False
559,23,20,1424.0,28981.0,2,1,True,False,False,False
560,32,22,954.0,22341.0,2,1,False,False,False,True
561,71,46,1478.0,66710.0,3,0,True,True,False,False
562,60,14,1838.0,28203.0,0,1,False,False,False,False
563,77,24,1276.0,31615.0,0,1,True,False,False,False
564,54,35,1561.0,52435.0,3,0,False,False,False,False
565,50,50,371.0,20263.0,2,0,True,False,True,False
566,25,14,1028.0,13573.0,2,1,False,False,False,True
567,70,67,1274.0,85000.0,2,0,True,False,False,False
568,77,20,779.0,13548.0,1,1,False,False,False,True
569,61,12,1283.0,16659.0,3,0,True,False,True,True
570,61,18,1624.0,28934.0,2,1,False,True,False,True
571,22,33,448.0,16132.0,3,0,True,False,False,False
572,56,67,724.0,47406.0,1,0,True,False,False,False
573,21,51,1274.0,63643.0,1,1,False,False,False,True
574,23,26,1384.0,34491.0,0,1,False,False,False,False
575,62,28,1495.0,42652.0,0,0,True,False,True,True
576,49,27,1244.0,32227.0,0,0,False,True,False,True
577,69,34,1385.0,46684.0,1,1,True,False,False,True
578,47,7,1561.0,9890.0,3,1,True,False,True,False
579,64,15,1034.0,16390.0,1,0,True,False,False,True
580,52,35,957.0,30024.0,1,0,False,True,False,False
581,72,29,1133.0,33351.0,0,1,True,False,True,True
582,57,17,1280.0,25223.0,1,0,True,False,False,True
583,69,1,937.0,3409.0,2,0,False,True,False,False
584,33,48,1042.0,48783.0,1,1,False,False,False,False
585,30,3,1359.0,5066.0,1,1,False,False,False,False
586,67,6,1263.0,8179.0,2,1,False,False,False,False
587,77,38,1126.0,45727.0,4,0,True,False,False,False
588,59,12,504.0,1028.0,1,0,True,True,False,False
589,47,30,1199.0,38196.0,0,0,True,False,True,True
590,36,70,812.0,56305.0,2,0,True,True,False,False
591,34,62,1593.0,97280.0,0,0,False,False,True,True
592,73,55,1077.0,57691.0,1,0,True,True,False,False
593,36,41,802.0,30282.0,0,0,True,False,False,True
594,45,60,1175.0,69272.0,0,0,False,False,False,False
595,75,41,1708.0,67869.0,1,0,True,False,False,True
596,72,55,1452.0,80220.0,0,0,True,True,False,False
597,43,35,1288.0,46260.0,1,1,True,False,True,False
598,54,67,670.0,44377.0,5,1,True,False,False,True
599,43,6,1849.0,14093.0,2,1,True,True,False,False
600,70,53,951.0,49306.0,0,0,True,True,False,True
601,79,0,1574.0,618.0,2,1,False,False,False,False
602,40,43,1070.0,45064.0,2,1,False,False,False,False
603,26,44,1535.0,68737.0,3,0,True,False,False,True
604,29,46,1723.0,80657.0,3,1,True,False,False,True
605,70,12,1459.0,18499.0,2,1,False,False,False,True
606,18,21,1502.0,31294.0,0,1,True,False,False,True
607,75,20,1161.0,20539.0,2,1,True,False,False,True
608,75,8,1026.0,7569.0,0,1,True,False,False,True
609,18,25,1255.0,34331.0,0,1,False,False,True,True
610,64,8,1064.0,10538.0,1,0,True,False,False,True
611,51,14,2187.0,31206.0,1,0,False,True,False,True
612,49,9,803.0,6458.0,2,1,True,False,False,False
613,79,41,1601.0,65614.0,4,1,False,False,False,True
614,71,71,1407.0,99137.0,0,0,False,False,True,True
615,65,23,1292.0,32102.0,1,1,True,False,False,True
616,42,48,1792.0,84338.0,1,1,False,False,False,True
617,57,25,1319.0,34822.0,2,0,True,True,False,True
618,62,36,946.0,32998.0,1,0,False,False,False,True
619,70,67,1317.0,90881.0,0,0,True,False,False,True
620,18,49,1127.0,56077.0,3,0,True,False,False,False
621,33,23,1401.0,30724.0,2,0,False,False,False,False
622,78,18,1525.0,26831.0,3,1,True,False,False,False
623,56,59,856.0,51927.0,2,0,True,False,False,False
624,22,38,1678.0,62766.0,2,0,False,False,True,True
625,39,17,1098.0,18710.0,0,0,True,True,False,False
626,46,18,1377.0,23760.0,1,0,True,True,False,True
627,72,35,1447.0,54163.0,3,1,False,True,False,True
628,20,54,1347.0,76600.0,3,1,False,False,True,False
629,29,68,1156.0,81534.0,1,0,True,False,False,False
630,43,46,1005.0,45981.0,3,0,True,False,True,True
631,33,48,1092.0,51610.0,2,0,False,True,False,False
632,68,32,1826.0,56874.0,1,1,False,True,False,True
633,54,20,854.0,20151.0,0,0,True,False,False,True
634,39,21,912.0,21013.0,0,0,False,False,False,True
635,74,47,895.0,44023.0,0,0,True,False,False,False
636,46,36,1254.0,44644.0,1,0,True,True,False,True
637,31,14,590.0,4744.0,0,1,True,False,False,False
638,45,34,659.0,19350.0,3,1,True,True,False,True
639,22,70,1096.0,76835.0,1,0,True,False,False,True
640,64,31,685.0,20190.0,1,0,False,False,False,True
641,66,10,717.0,5895.0,1,1,False,False,False,False
642,47,9,688.0,6882.0,2,1,False,False,False,True
643,63,56,861.0,50243.0,0,0,False,False,False,True
644,79,24,1492.0,34406.0,3,0,True,False,False,True
645,69,1,1582.0,1029.0,2,0,True,False,True,True
646,22,63,1968.0,122629.0,3,1,True,False,False,True
647,29,34,1953.0,64314.0,1,0,True,False,False,False
648,33,6,1515.0,10276.0,1,0,False,True,False,False
649,43,17,1611.0,27379.0,0,0,True,False,True,True
650,43,66,1252.0,86393.0,1,0,True,True,False,False
651,65,41,1408.0,59197.0,2,0,False,False,False,True
652,38,38,1977.0,78754.0,2,0,False,False,True,False
653,56,40,1348.0,51112.0,3,0,False,True,False,False
654,53,23,1661.0,31697.0,1,0,False,False,False,False
655,50,59,826.0,49220.0,1,0,True,False,False,True
656,79,45,934.0,42276.0,0,0,True,False,False,False
657,47,18,1325.0,23604.0,3,1,False,False,False,True
658,54,67,1260.0,84612.0,0,0,True,True,False,False
659,40,41,952.0,36784.0,1,0,True,False,False,False
660,75,31,2163.0,68179.0,2,0,True,False,True,True
661,27,38,1269.0,49694.0,1,0,False,False,False,True
662,71,35,1023.0,33406.0,0,0,True,False,False,False
663,22,35,1261.0,43428.0,1,0,False,False,False,False
664,53,2,1210.0,1836.0,4,1,True,False,False,True
665,51,7,1275.0,7583.0,0,1,True,True,False,False
666,69,69,563.0,36525.0,1,0,True,True,False,True
667,48,40,1717.0,68705.0,2,1,False,False,False,True
668,27,67,1740.0,117102.0,2,1,True,False,False,False
669,75,12,1788.0,20236.0,1,0,False,False,False,True
670,36,48,1330.0,61658.0,0,0,False,True,False,True
671,75,59,1465.0,87256.0,1,1,False,False,False,True
672,49,1,854.0,681.0,0,1,True,False,False,True
673,18,59,1533.0,89829.0,2,1,True,True,False,True
674,73,4,1301.0,4332.0,1,0,True,False,True,True
675,22,43,1016.0,46179.0,1,0,True,False,False,False
676,62,26,1546.0,38753.0,2,0,False,False,False,False
677,21,31,1561.0,51842.0,1,0,False,True,False,False
678,33,20,1224.0,25985.0,1,1,False,True,False,True
679,41,7,1375.0,13267.0,1,1,True,False,False,False
680,33,71,787.0,57206.0,0,0,False,False,True,False
681,72,49,1697.0,82711.0,2,0,True,True,False,False
682,19,66,840.0,53605.0,2,0,False,False,False,False
683,66,43,918.0,38763.0,1,0,True,False,False,False
684,45,57,1225.0,72800.0,2,0,True,False,False,True
685,49,2,1646.0,3196.0,0,0,False,True,False,True
686,44,69,1646.0,114896.0,2,0,False,False,False,False
687,37,1,1198.0,1612.0,2,1,False,True,False,False
688,41,43,1509.0,65386.0,2,1,False,True,False,False
689,29,1,524.0,1100.0,0,0,True,False,False,True
690,67,34,912.0,31999.0,2,0,False,True,False,False
691,52,29,920.0,25052.0,1,0,False,False,True,False
692,77,7,1701.0,11357.0,1,1,False,False,False,False
693,50,21,1462.0,31321.0,1,1,True,False,False,False
694,50,43,1274.0,55109.0,2,0,True,False,False,True
695,78,57,1313.0,73919.0,0,0,False,False,True,False
696,68,35,1827.0,64778.0,0,1,True,False,True,False
697,60,68,1132.0,75434.0,2,0,False,False,False,False
698,54,30,674.0,17774.0,1,0,True,True,False,True
699,29,46,1635.0,75800.0,1,1,True,False,False,False
700,20,54,1273.0,66345.0,0,0,True,False,False,False
701,18,61,1581.0,97001.0,0,0,True,False,False,False
702,50,29,1182.0,30369.0,2,1,False,False,False,False
703,57,54,865.0,45260.0,0,0,False,False,False,True
704,27,15,1361.0,19760.0,0,0,False,False,False,True
705,60,11,1204.0,10031.0,0,1,True,False,False,True
706,61,16,1274.0,19639.0,1,0,False,False,True,False
707,46,15,1847.0,30075.0,1,0,False,False,False,False
708,30,11,761.0,5830.0,0,1,False,False,False,True
709,29,7,1314.0,8507.0,0,0,True,False,False,False
710,48,2,872.0,5149.0,0,0,True,True,False,False
711,63,15,164.0,336.0,1,1,True,False,False,False
712,19,29,1180.0,37014.0,1,1,False,False,False,False
713,78,22,1212.0,26106.0,3,1,False,False,True,True
714,68,4,1449.0,6000.0,2,1,False,False,False,True
715,67,64,1113.0,73815.0,2,0,True,False,False,True
716,52,29,604.0,16546.0,0,0,True,True,False,True
717,40,20,871.0,18682.0,0,1,False,False,False,False
718,34,69,1727.0,120932.0,1,0,True,False,False,True
719,43,21,865.0,16863.0,2,0,True,False,False,True
720,25,71,1833.0,128620.0,2,1,True,False,False,True
721,46,31,1620.0,49763.0,4,0,True,False,False,True
722,43,32,1073.0,33941.0,2,1,False,False,False,False
723,27,15,908.0,11462.0,2,0,True,False,False,False
724,43,37,1619.0,58620.0,2,1,True,False,False,False
725,79,13,1104.0,7418.0,1,0,True,True,False,True
726,51,35,582.0,19701.0,0,1,True,False,False,True
727,68,22,1425.0,33139.0,2,0,False,False,False,True
728,58,65,1367.0,85522.0,2,1,False,False,True,False
729,24,1,1655.0,729.0,2,1,True,True,False,True
730,21,64,1340.0,90645.0,2,0,True,False,False,False
731,75,66,980.0,64635.0,0,0,True,False,True,True
732,70,51,1708.0,89822.0,2,1,True,False,False,False
733,67,61,1747.0,104543.0,2,1,True,False,False,True
734,62,22,1293.0,29344.0,0,0,True,True,False,True
735,28,25,1224.0,28236.0,1,0,False,False,False,False
736,46,67,671.0,45759.0,0,1,True,False,False,True
737,73,54,957.0,53362.0,1,0,False,False,False,True
738,53,5,1504.0,8730.0,1,1,False,False,False,False
739,42,34,977.0,32528.0,2,0,True,False,False,False
740,38,21,617.0,13507.0,2,0,False,False,True,False
741,78,42,2598.0,109685.0,1,1,False,False,False,True
742,74,14,615.0,9942.0,0,0,False,False,True,True
743,53,59,2103.0,123829.0,1,0,False,False,False,True
744,27,11,1077.0,13709.0,0,0,False,True,False,True
745,54,48,1166.0,58837.0,1,0,False,True,False,False
746,26,41,931.0,37535.0,0,0,True,True,False,False
747,41,37,1513.0,56074.0,0,1,False,False,False,True
748,52,44,624.0,25646.0,2,1,False,False,False,False
749,66,34,464.0,16457.0,4,1,False,False,False,True
750,52,29,1844.0,54169.0,1,0,True,False,True,False
751,65,29,878.0,25578.0,0,0,False,True,False,True
752,53,5,1498.0,7757.0,0,0,True,False,False,True
753,35,66,766.0,54400.0,2,1,False,False,False,False
754,66,6,1483.0,3125.0,0,0,True,False,False,False
755,56,51,1873.0,94530.0,2,0,True,True,False,False
756,49,13,989.0,12170.0,5,1,False,False,False,True
757,41,14,427.0,8892.0,0,0,False,True,False,True
758,40,20,1876.0,38471.0,1,1,True,False,True,True
759,79,34,1570.0,54379.0,1,0,False,False,False,True
760,49,65,1011.0,68235.0,2,0,True,False,False,False
761,54,1,1113.0,753.0,2,1,True,False,False,True
762,29,34,756.0,27009.0,0,0,True,False,False,True
763,66,19,1768.0,32530.0,1,1,True,False,False,False
764,72,9,986.0,6767.0,2,0,True,False,False,True
765,30,24,633.0,18780.0,2,0,False,False,True,False
766,40,65,1285.0,84263.0,1,1,True,False,False,False
767,42,24,856.0,21833.0,1,0,True,False,False,True
768,52,53,788.0,39604.0,2,0,False,False,True,True
769,58,32,1028.0,33917.0,2,1,True,True,False,False
770,47,35,1235.0,46781.0,3,0,False,False,False,True
771,34,13,648.0,7869.0,1,1,False,False,False,True
772,66,64,1754.0,109744.0,2,1,False,False,False,True
773,79,53,1471.0,78331.0,0,1,True,True,False,False
774,37,51,1054.0,51682.0,1,1,True,True,False,False
775,65,2,839.0,1438.0,1,1,True,True,False,False
776,42,40,1164.0,45090.0,0,1,False,False,False,True
777,39,5,1560.0,6815.0,2,0,True,True,False,False
778,30,24,1498.0,33978.0,1,1,False,False,False,False
779,76,12,1623.0,22129.0,1,0,True,False,False,True
780,36,7,1008.0,10835.0,2,1,False,False,False,False
781,66,20,100.0,3236.0,0,1,True,False,False,True
782,53,67,1699.0,114601.0,0,1,True,False,False,False
783,29,24,1133.0,26908.0,2,0,True,True,False,True
784,78,67,1466.0,96429.0,1,0,False,False,True,True
785,58,44,1868.0,85398.0,2,0,False,False,False,True
786,36,59,2174.0,128140.0,1,1,True,False,False,True
787,29,11,940.0,9415.0,3,0,True,False,False,False
788,26,31,1254.0,40904.0,0,1,False,False,False,True
789,24,12,1747.0,20817.0,2,1,False,False,False,False
790,45,30,862.0,27815.0,3,0,False,False,True,True
791,31,19,967.0,17554.0,1,1,True,False,False,False
792,48,17,965.0,18440.0,0,0,False,False,False,True
793,69,59,1189.0,72111.0,2,1,True,False,False,True
794,36,62,1112.0,71594.0,0,0,False,False,True,False
795,75,5,962.0,3391.0,0,0,True,True,False,True
796,64,31,814.0,25068.0,2,0,False,False,True,True
797,33,42,1525.0,67946.0,2,1,False,True,False,True
798,70,1,1735.0,1242.0,0,1,False,False,False,True
799,22,59,1793.0,107409.0,2,0,False,False,False,False
800,52,22,1008.0,26757.0,3,1,False,True,False,True
801,29,30,1541.0,42532.0,1,0,True,False,False,False
802,42,4,1295.0,4621.0,3,0,False,False,False,False
803,69,33,972.0,32080.0,0,1,False,False,False,True
804,76,9,1494.0,9848.0,0,0,False,False,False,True
805,38,1,953.0,41.0,1,0,True,False,False,False
806,53,10,1050.0,8557.0,1,1,False,False,False,False
807,70,49,649.0,33516.0,1,1,True,True,False,False
808,40,30,1014.0,26955.0,2,1,False,False,False,False
809,33,55,1302.0,75389.0,0,0,False,False,False,False
810,74,8,1828.0,16004.0,0,0,True,False,False,True
811,56,20,1059.0,19072.0,1,1,False,False,False,True
812,62,27,785.0,23248.0,3,0,True,False,False,True
813,70,61,1799.0,110933.0,1,1,True,False,False,True
814,59,6,998.0,5910.0,2,1,False,False,False,True
815,75,15,501.0,6072.0,1,0,True,False,False,True
816,56,3,1253.0,4854.0,1,1,False,False,False,True
817,31,3,1070.0,3456.0,2,1,False,False,False,False
818,48,39,2120.0,81302.0,2,0,True,False,False,False
819,75,16,1390.0,19553.0,3,0,True,False,False,True
820,22,51,1141.0,56490.0,0,1,True,False,False,True
821,52,51,830.0,41323.0,3,0,True,True,False,False
822,40,35,1332.0,48945.0,0,1,False,False,False,False
823,46,37,1783.0,67693.0,1,1,False,False,False,True
824,60,49,1325.0,64025.0,0,0,True,False,False,True
825,28,62,861.0,52560.0,2,0,False,True,False,True
826,35,62,1416.0,89775.0,1,0,False,False,True,False
827,64,61,1181.0,72576.0,2,0,False,True,False,True
828,29,6,1379.0,8781.0,1,1,False,True,False,True
829,26,26,1058.0,26101.0,2,0,True,False,False,True
830,27,13,1049.0,13390.0,1,0,True,True,False,False
831,75,70,1033.0,72319.0,2,0,False,False,False,False
832,61,4,1577.0,6126.0,2,1,True,False,False,True
833,34,54,1053.0,58330.0,1,1,True,False,False,True
834,78,1,1016.0,2547.0,1,0,True,False,False,False
835,55,61,823.0,48365.0,1,0,False,False,True,False
836,24,20,1382.0,26640.0,1,1,False,False,False,True
837,63,20,1325.0,25125.0,1,0,False,True,False,False
838,30,9,1020.0,11957.0,0,1,True,False,False,True
839,57,57,916.0,56719.0,0,0,False,False,False,True
840,59,38,1950.0,73173.0,2,1,False,False,False,False
841,26,4,448.0,1458.0,0,1,True,False,False,True
842,67,64,1397.0,91093.0,1,0,False,True,False,False
843,44,12,1717.0,19190.0,1,0,False,False,False,False
844,75,52,100.0,6930.0,1,0,True,False,False,False
845,19,44,1518.0,66750.0,2,0,True,True,False,True
846,22,31,1112.0,30985.0,0,1,True,False,False,True
847,46,35,1302.0,42969.0,2,0,False,False,True,True
848,54,59,1071.0,62513.0,0,0,False,False,False,False
849,55,10,1630.0,18746.0,1,0,False,False,False,False
850,36,62,1345.0,81605.0,1,1,True,False,False,False
851,25,20,1253.0,23992.0,3,1,True,False,False,False
852,65,51,840.0,43262.0,1,0,False,False,False,True
853,62,54,1953.0,102124.0,1,1,False,True,False,False
854,18,25,1204.0,30697.0,0,1,True,False,True,True
855,39,67,2116.0,138685.0,1,1,True,True,False,True
856,69,33,1971.0,66177.0,3,1,True,False,False,False
857,34,51,489.0,23321.0,2,0,True,False,False,True
858,24,51,938.0,45954.0,1,0,False,False,False,True
859,42,28,785.0,22526.0,2,1,True,False,False,False
860,62,37,1181.0,45285.0,1,0,False,True,False,False
861,21,41,1275.0,53028.0,1,1,False,False,False,True
862,53,20,1292.0,26255.0,0,0,False,False,False,False
863,23,41,1622.0,66946.0,1,0,True,False,False,False
864,77,12,1797.0,22329.0,1,0,True,False,True,True
865,48,63,1587.0,100877.0,1,1,True,False,False,True
866,36,16,976.0,14827.0,2,1,True,False,False,True
867,78,8,887.0,8405.0,0,1,False,False,False,False
868,61,40,1201.0,46444.0,1,0,True,False,False,False
869,71,0,1370.0,2183.0,1,1,True,False,False,False
870,56,1,1127.0,2692.0,3,0,False,False,False,False
871,44,59,662.0,43420.0,0,0,True,True,False,True
872,27,47,1473.0,70259.0,1,0,False,False,False,True
873,43,28,1043.0,31022.0,0,0,False,True,False,False
874,36,9,1031.0,6158.0,0,1,False,False,True,True
875,56,57,1178.0,69029.0,2,1,False,True,False,True
876,79,59,1104.0,67489.0,0,1,False,False,False,True
877,20,20,1053.0,24069.0,3,1,False,False,False,True
878,62,27,688.0,18817.0,0,1,False,True,False,True
879,30,33,1155.0,37431.0,1,0,False,True,False,True
880,67,7,1481.0,8188.0,2,1,True,False,False,True
881,45,58,1306.0,73752.0,4,1,True,True,False,True
882,79,71,1579.0,112058.0,1,0,True,False,False,False
883,75,48,909.0,40129.0,3,1,True,False,False,False
884,37,16,689.0,9488.0,0,1,False,False,False,True
885,45,59,1102.0,65197.0,0,0,True,False,False,False
886,25,44,954.0,42110.0,1,1,False,False,False,True
887,78,68,996.0,65789.0,1,0,True,True,False,False
888,58,31,1285.0,37367.0,1,1,True,False,False,False
889,56,43,999.0,40788.0,1,0,True,False,False,False
890,18,64,700.0,44358.0,2,0,False,False,False,False
891,20,7,976.0,11092.0,1,0,True,False,False,True
892,30,71,1336.0,96977.0,1,1,False,False,False,True
893,45,42,1469.0,62126.0,1,0,False,True,False,False
894,79,0,1465.0,1108.0,3,1,True,True,False,True
895,74,50,1370.0,70532.0,1,0,True,True,False,True
896,77,23,1133.0,27410.0,1,1,True,True,False,False
897,66,23,1362.0,30710.0,4,1,False,False,False,False
898,42,16,1183.0,17237.0,1,0,True,False,False,False
899,73,4,1245.0,4729.0,3,0,False,False,False,True
900,50,19,824.0,17664.0,0,1,False,False,False,False
901,55,20,1218.0,23819.0,1,1,True,False,True,True
902,70,57,1351.0,74798.0,0,1,True,False,False,True
903,23,30,1336.0,36633.0,0,1,False,False,False,False
904,75,10,685.0,6608.0,2,0,False,False,True,True
905,61,51,1239.0,61138.0,1,0,False,False,True,True
906,62,14,622.0,7835.0,0,0,True,True,False,False
907,49,6,1269.0,10526.0,1,1,False,False,False,True
908,62,27,919.0,24705.0,2,1,True,False,False,True
909,78,50,1882.0,92599.0,2,1,False,False,False,True
910,64,57,1248.0,71754.0,1,1,False,False,False,True
911,38,4,1520.0,9922.0,2,0,True,False,False,True
912,33,4,2044.0,7935.0,1,1,False,False,False,False
913,71,7,873.0,1400.0,0,1,True,False,True,False
914,38,63,1374.0,87862.0,2,1,True,False,False,True
915,28,9,726.0,7227.0,1,0,False,True,False,False
916,77,37,1338.0,49686.0,1,0,True,True,False,True
917,54,7,1906.0,12904.0,1,0,True,False,False,True
918,53,24,949.0,21161.0,1,1,False,True,False,False
919,52,65,846.0,58020.0,0,0,True,False,False,True
920,36,49,1164.0,53359.0,0,1,True,False,False,True
921,37,66,2018.0,132570.0,0,0,True,True,False,True
922,74,48,1508.0,71719.0,1,0,False,False,False,False
923,35,35,838.0,31037.0,4,1,True,False,True,True
924,64,67,1782.0,121865.0,0,0,False,False,False,True
925,58,40,538.0,21067.0,1,1,False,False,False,True
926,66,61,2055.0,125741.0,3,1,True,False,False,False
927,31,9,1543.0,14443.0,1,0,True,False,False,False
928,32,20,1905.0,40207.0,1,0,True,False,False,True
929,48,35,541.0,21000.0,3,0,False,True,False,True
930,18,11,1268.0,12871.0,1,0,True,True,False,True
931,70,1,1146.0,2022.0,2,1,True,True,False,True
932,71,12,797.0,10331.0,0,0,True,False,False,False
933,71,52,682.0,35232.0,0,0,True,True,False,False
934,20,31,1403.0,44241.0,0,1,True,True,False,True
935,33,15,1439.0,21625.0,2,0,False,True,False,False
936,40,31,1720.0,53636.0,2,0,False,False,False,True
937,74,31,999.0,28257.0,2,0,True,True,False,False
938,28,10,1143.0,9594.0,1,1,True,True,False,False
939,29,9,647.0,7459.0,0,0,True,False,False,True
940,27,14,1816.0,23003.0,1,1,True,True,False,True
941,49,16,1228.0,20588.0,2,1,False,False,False,True
942,33,39,1489.0,57908.0,1,0,True,False,False,False
943,25,17,1503.0,27612.0,3,1,False,False,False,False
944,55,54,1784.0,97634.0,3,0,False,False,False,False
945,29,24,867.0,19901.0,1,1,True,False,False,True
946,41,58,1479.0,85336.0,0,0,False,True,False,False
947,45,21,1190.0,21019.0,1,1,False,False,False,False
948,70,29,2042.0,58957.0,3,0,False,True,False,False
949,25,43,866.0,34698.0,0,0,False,False,True,True
950,75,31,1669.0,51302.0,4,1,True,False,False,True
951,45,50,1340.0,65724.0,2,1,True,False,True,True
952,53,45,1319.0,57602.0,1,1,False,False,True,True
953,43,20,1222.0,26815.0,0,0,True,True,False,True
954,25,31,1739.0,51357.0,1,1,True,True,False,True
955,75,38,1306.0,47702.0,1,0,True,False,True,True
956,77,11,590.0,5094.0,0,0,True,True,False,True
957,67,46,1688.0,76686.0,0,0,True,False,False,False
958,45,17,1614.0,25684.0,0,0,False,True,False,True
959,45,20,1435.0,27982.0,0,0,True,True,False,True
960,54,12,749.0,9592.0,1,1,True,False,False,True
961,58,20,811.0,17560.0,3,0,True,False,False,True
962,53,7,449.0,4386.0,0,0,True,True,False,False
963,44,45,1384.0,58464.0,5,1,False,False,False,True
964,71,6,660.0,4720.0,1,0,False,False,True,False
965,34,22,512.0,12148.0,2,1,False,False,False,True
966,26,21,1710.0,34585.0,3,1,False,False,False,False
967,50,21,1507.0,34982.0,2,1,True,False,False,False
968,70,28,1067.0,32051.0,1,0,False,False,False,False
969,37,12,1146.0,13386.0,1,0,True,True,False,False
970,30,1,237.0,955.0,0,0,True,False,True,True
971,45,28,1567.0,47179.0,0,1,True,True,False,True
972,65,51,923.0,47035.0,2,0,True,False,False,False
973,46,26,1332.0,34802.0,0,1,True,False,False,True
974,30,49,205.0,10190.0,2,0,False,True,False,True
975,63,22,1591.0,39608.0,0,1,False,False,True,False
976,52,43,899.0,38224.0,3,1,False,False,False,False
977,78,21,650.0,13603.0,1,1,False,False,False,True
978,23,42,1064.0,43026.0,0,0,True,False,False,False
979,35,36,961.0,33817.0,1,0,False,False,True,True
980,68,60,1630.0,95737.0,0,0,True,True,False,False
981,22,55,1032.0,55139.0,3,1,False,False,False,True
982,64,2,1745.0,130.0,0,0,True,False,False,True
983,42,62,1332.0,84347.0,2,0,True,False,True,False
984,19,18,1558.0,28357.0,0,0,False,False,False,True
985,27,22,1199.0,26856.0,0,1,True,False,False,False
986,73,28,1709.0,47747.0,3,1,True,False,False,True
987,47,29,739.0,21575.0,1,0,False,False,False,True
988,67,38,1245.0,50548.0,2,1,True,False,False,False
989,76,24,1041.0,23446.0,1,1,False,True,False,True
990,62,7,1759.0,12870.0,0,0,False,False,True,True
991,22,57,1800.0,103146.0,3,0,False,True,False,True
992,72,15,1200.0,20284.0,1,0,True,False,True,False
993,73,71,683.0,49370.0,0,0,True,False,False,True
994,50,0,1371.0,978.0,1,0,True,True,False,True
995,71,4,534.0,381.0,1,1,False,False,False,True
996,18,2,1850.0,2082.0,2,1,True,True,False,True
997,35,64,1011.0,62370.0,0,0,False,False,True,True
998,49,3,1188.0,1388.0,1,0,False,False,False,False
999,64,63,928.0,59258.0,0,0,True,False,False,True
1000,66,9,839.0,7028.0,1,0,False,False,False,True
