CustomerID,Age,Gender,Tenure,MonthlyCharges,TotalCharges,ContractType,InternetService,SupportCalls,Churn
1,56,Male,6,1504.0,9120.0,One year,Fiber,2,0
2,69,Male,8,1434.0,13802.0,Month-to-month,Fiber,1,0
3,46,Female,47,1818.0,86081.0,Month-to-month,DSL,0,0
4,32,Male,71,1578.0,110749.0,Two year,None,1,0
5,60,Male,58,1475.0,81768.0,Month-to-month,Fiber,0,0
6,25,Female,38,315.0,12329.0,Month-to-month,Fiber,1,0
7,78,Male,17,1679.0,25122.0,One year,Fiber,2,0
8,38,Male,58,1233.0,70200.0,Two year,DSL,1,0
9,56,Male,16,1325.0,19757.0,One year,Fiber,1,0
10,75,Male,13,1328.0,16247.0,One year,Fiber,1,0
11,36,Male,30,1510.0,42668.0,One year,Fiber,1,0
12,40,Female,23,1649.0,36476.0,Month-to-month,Fiber,0,0
13,28,Male,59,1454.0,88078.0,One year,Fiber,3,0
14,28,Male,44,1390.0,63446.0,Month-to-month,DSL,0,1
15,41,Male,2,1293.0,5651.0,Two year,DSL,1,0
16,70,Male,36,100.0,3620.0,Month-to-month,DSL,0,0
17,53,Male,42,1085.0,46112.0,Month-to-month,Fiber,0,0
18,57,Female,39,823.0,34418.0,Month-to-month,DSL,2,0
19,41,Male,54,1684.0,87995.0,One year,DSL,1,0
20,20,Female,38,1448.0,56635.0,Month-to-month,Fiber,0,0
21,39,Female,14,1017.0,16843.0,Two year,DSL,3,0
22,70,Male,3,1057.0,1393.0,One year,Fiber,2,1
23,19,Male,24,1042.0,27773.0,Month-to-month,DSL,1,1
24,41,Male,12,1035.0,16535.0,One year,Fiber,0,0
25,61,Male,32,622.0,21460.0,One year,None,0,0
26,47,Female,15,535.0,9214.0,One year,Fiber,0,0
27,55,Male,41,1212.0,47452.0,Month-to-month,DSL,1,0
28,19,Male,65,1630.0,108088.0,Month-to-month,DSL,0,0
29,77,Male,54,985.0,51139.0,Month-to-month,DSL,1,0
30,38,Male,41,1321.0,54900.0,Month-to-month,Fiber,0,1
31,50,Male,33,1494.0,50244.0,Two year,Fiber,4,0
32,29,Male,29,803.0,16694.0,Month-to-month,DSL,1,0
33,75,Female,12,1192.0,15116.0,One year,Fiber,0,0
34,39,Female,12,933.0,16439.0,Month-to-month,Fiber,0,1
35,78,Male,17,1842.0,27130.0,Month-to-month,DSL,1,1
36,61,Male,31,1825.0,56467.0,One year,DSL,1,0
37,42,Male,38,803.0,26620.0,Two year,Fiber,3,1
38,66,Female,45,1354.0,59142.0,Month-to-month,Fiber,2,1
39,44,Male,28,1627.0,41696.0,Month-to-month,Fiber,1,1
40,76,Female,61,1539.0,94198.0,Month-to-month,DSL,2,0
41,59,Male,61,1233.0,76800.0,Month-to-month,DSL,0,0
42,45,Male,56,1723.0,97307.0,Month-to-month,DSL,2,1
43,77,Male,15,838.0,10710.0,Month-to-month,None,3,1
44,33,Male,55,1079.0,58126.0,Month-to-month,Fiber,0,0
45,32,Female,9,849.0,8186.0,One year,Fiber,2,0
46,79,Female,29,1513.0,42079.0,Month-to-month,Fiber,0,1
47,79,Male,24,967.0,20550.0,Month-to-month,Fiber,0,1
48,64,Male,4,1132.0,4050.0,Month-to-month,None,1,0
49,79,Female,64,1447.0,90719.0,One year,DSL,1,0
50,68,Female,48,1479.0,71815.0,Two year,Fiber,3,0
51,61,Female,2,837.0,4271.0,Month-to-month,Fiber,3,0
52,72,Female,44,1623.0,76607.0,One year,DSL,0,0
53,69,Male,13,1382.0,18642.0,Month-to-month,DSL,0,0
54,74,Female,29,767.0,23535.0,Month-to-month,Fiber,2,1
55,20,Male,67,669.0,43624.0,Month-to-month,None,1,0
56,54,Female,17,1194.0,19223.0,Month-to-month,DSL,0,1
57,68,Female,61,1540.0,96508.0,One year,Fiber,1,0
58,24,Female,36,1550.0,55247.0,Two year,DSL,1,0
59,38,Female,24,1342.0,32354.0,Month-to-month,Fiber,1,1
60,26,Female,47,1219.0,59739.0,One year,None,3,0
61,56,Male,64,1405.0,89383.0,Month-to-month,None,0,1
62,35,Male,52,858.0,47617.0,Month-to-month,DSL,0,1
63,21,Female,14,1875.0,27396.0,Month-to-month,DSL,0,1
64,42,Female,48,1870.0,90671.0,Month-to-month,Fiber,2,1
65,77,Male,67,1372.0,90628.0,Month-to-month,None,0,1
66,31,Female,11,1279.0,15087.0,Month-to-month,DSL,1,0
67,67,Female,58,1035.0,59172.0,Month-to-month,DSL,2,1
68,75,Male,36,1411.0,51735.0,Month-to-month,None,1,1
69,26,Female,60,923.0,55176.0,One year,None,3,0
70,43,Female,42,311.0,14996.0,Month-to-month,DSL,1,0
71,70,Male,69,114.0,7802.0,Two year,Fiber,1,0
72,19,Male,38,880.0,37516.0,Month-to-month,None,2,0
73,37,Male,55,1263.0,68914.0,One year,DSL,1,0
74,45,Female,62,1333.0,81577.0,Two year,None,4,0
75,64,Male,45,1005.0,45917.0,One year,DSL,1,0
76,77,Male,10,1257.0,14726.0,Month-to-month,Fiber,1,0
77,24,Male,61,1090.0,68630.0,One year,Fiber,0,0
78,61,Male,24,800.0,19534.0,Month-to-month,DSL,0,0
79,78,Male,70,1179.0,83208.0,Month-to-month,DSL,0,0
80,25,Male,51,1525.0,78456.0,Month-to-month,Fiber,2,0
81,64,Female,3,818.0,298.0,Month-to-month,DSL,1,0
82,52,Female,58,819.0,49550.0,Month-to-month,Fiber,1,0
83,31,Male,71,772.0,52296.0,Two year,DSL,3,0
84,34,Male,19,425.0,5923.0,One year,Fiber,3,1
85,53,Male,62,1008.0,62606.0,Month-to-month,Fiber,2,1
86,67,Female,53,1486.0,78118.0,Two year,Fiber,0,0
87,57,Female,56,1270.0,72712.0,Month-to-month,Fiber,2,0
88,21,Female,40,1132.0,46175.0,Two year,Fiber,1,0
89,19,Female,2,1252.0,2780.0,Month-to-month,Fiber,0,0
90,79,Female,5,1004.0,2769.0,Month-to-month,Fiber,0,0
91,23,Female,4,421.0,1737.0,One year,None,0,0
92,71,Female,4,1513.0,5947.0,One year,DSL,1,0
93,59,Female,53,1628.0,86728.0,One year,Fiber,0,0
94,21,Female,46,909.0,40954.0,Two year,None,0,0
95,71,Male,48,1140.0,55766.0,One year,Fiber,0,0
96,46,Male,8,1105.0,8147.0,One year,DSL,0,1
97,35,Male,19,1341.0,26337.0,Two year,DSL,1,0
98,43,Male,60,1876.0,114152.0,One year,Fiber,2,0
99,61,Female,34,1664.0,55507.0,Month-to-month,Fiber,1,1
100,51,Female,49,1049.0,49857.0,Two year,Fiber,0,0
101,27,Male,61,1417.0,87390.0,Month-to-month,Fiber,0,0
102,79,Female,16,1702.0,24590.0,One year,DSL,1,0
103,53,Male,2,1363.0,4949.0,Two year,Fiber,1,1
104,31,Female,31,1198.0,37160.0,One year,Fiber,1,0
105,48,Male,12,1378.0,16306.0,One year,Fiber,1,0
106,65,Female,67,919.0,62665.0,One year,Fiber,0,0
107,32,Female,13,977.0,13669.0,Month-to-month,DSL,0,1
108,25,Male,10,774.0,7753.0,Two year,Fiber,0,0
109,31,Female,55,1323.0,74522.0,Month-to-month,DSL,2,1
110,40,Male,66,1147.0,74357.0,Month-to-month,Fiber,3,1
111,77,Male,28,871.0,25813.0,Month-to-month,Fiber,2,1
112,74,Male,8,1134.0,6915.0,Month-to-month,DSL,1,0
113,79,Male,66,1388.0,92629.0,Month-to-month,Fiber,0,1
114,57,Female,24,1966.0,46528.0,One year,DSL,2,0
115,38,Female,41,1605.0,63183.0,Month-to-month,DSL,2,0
116,33,Female,8,286.0,2801.0,Month-to-month,Fiber,2,1
117,62,Male,39,1296.0,50475.0,Month-to-month,Fiber,1,0
118,35,Female,24,1772.0,39443.0,Month-to-month,Fiber,0,0
119,64,Male,4,665.0,1567.0,One year,Fiber,0,0
120,70,Female,10,1421.0,13905.0,Month-to-month,Fiber,0,1
121,41,Female,58,1105.0,67326.0,Month-to-month,Fiber,0,0
122,43,Female,37,1660.0,62062.0,Month-to-month,Fiber,0,0
123,42,Male,71,1362.0,95365.0,Month-to-month,DSL,1,0
124,77,Female,4,846.0,5548.0,Month-to-month,DSL,1,1
125,77,Female,47,1120.0,54454.0,Month-to-month,DSL,2,1
126,77,Male,17,1143.0,21974.0,One year,Fiber,3,0
127,62,Female,69,1151.0,80787.0,One year,Fiber,2,0
128,58,Male,36,1648.0,61100.0,Month-to-month,DSL,0,0
129,46,Female,59,863.0,52379.0,Two year,DSL,2,1
130,32,Male,47,1601.0,74292.0,Month-to-month,DSL,0,0
131,62,Male,27,1079.0,25858.0,Month-to-month,Fiber,2,1
132,18,Female,68,1289.0,86610.0,Two year,DSL,1,0
133,42,Male,39,1229.0,50141.0,Month-to-month,DSL,2,0
134,24,Male,44,1191.0,51642.0,Two year,Fiber,2,1
135,26,Male,61,1195.0,72604.0,Month-to-month,Fiber,0,1
136,41,Male,57,1783.0,99299.0,Month-to-month,DSL,1,1
137,18,Male,66,1537.0,100340.0,Month-to-month,Fiber,0,0
138,61,Male,55,1055.0,58007.0,One year,Fiber,1,0
139,25,Female,39,1833.0,72472.0,One year,DSL,1,0
140,41,Male,39,1310.0,50173.0,One year,None,2,0
141,28,Male,32,1343.0,41919.0,Month-to-month,Fiber,1,1
142,68,Female,5,865.0,6009.0,Month-to-month,Fiber,3,1
143,34,Female,18,1001.0,18669.0,Month-to-month,Fiber,1,0
144,25,Female,39,925.0,36972.0,Month-to-month,DSL,1,1
145,52,Female,58,1234.0,74629.0,Two year,Fiber,1,1
146,52,Female,58,1456.0,83438.0,Month-to-month,None,1,1
147,50,Female,47,1347.0,63211.0,One year,Fiber,1,0
148,76,Female,40,1835.0,74502.0,One year,Fiber,0,0
149,22,Male,12,845.0,8397.0,Month-to-month,DSL,3,0
150,59,Male,44,1246.0,55282.0,One year,DSL,0,0
151,56,Female,52,687.0,35768.0,Month-to-month,Fiber,2,1
152,75,Male,41,831.0,39626.0,Month-to-month,Fiber,5,1
153,58,Male,62,1706.0,105972.0,Month-to-month,None,0,0
154,45,Male,26,1015.0,28704.0,Month-to-month,Fiber,2,1
155,24,Female,37,879.0,34183.0,Month-to-month,DSL,1,1
156,26,Female,59,348.0,18219.0,Month-to-month,Fiber,1,1
157,25,Male,6,875.0,2152.0,Month-to-month,DSL,0,1
158,29,Female,4,1118.0,4966.0,Month-to-month,DSL,2,1
159,51,Male,44,657.0,31423.0,One year,Fiber,2,0
160,50,Male,57,1095.0,62991.0,One year,DSL,0,0
161,65,Male,30,1708.0,51398.0,Month-to-month,Fiber,1,0
162,72,Male,22,917.0,19606.0,Month-to-month,Fiber,1,1
163,40,Female,41,823.0,31095.0,One year,DSL,1,0
164,79,Female,9,750.0,4829.0,Month-to-month,Fiber,1,1
165,41,Female,31,743.0,19788.0,One year,DSL,0,0
166,54,Male,52,1414.0,71322.0,Month-to-month,Fiber,1,0
167,52,Female,29,1219.0,34299.0,Month-to-month,Fiber,1,1
168,61,Male,38,1583.0,61706.0,Month-to-month,Fiber,1,0
169,57,Female,30,2008.0,59350.0,Month-to-month,Fiber,1,1
170,39,Male,1,468.0,979.0,One year,Fiber,0,0
171,44,Male,11,1352.0,15142.0,Month-to-month,DSL,2,1
172,52,Male,38,753.0,29612.0,One year,None,1,0
173,18,Female,65,1516.0,96470.0,Two year,DSL,1,0
174,52,Female,12,1091.0,15210.0,Month-to-month,Fiber,2,1
175,54,Female,45,1211.0,51681.0,One year,Fiber,0,0
176,64,Female,26,687.0,16966.0,Month-to-month,Fiber,2,1
177,31,Male,16,1029.0,16422.0,Month-to-month,Fiber,0,1
178,20,Female,59,1236.0,74444.0,One year,DSL,1,0
179,18,Female,63,1742.0,112505.0,Month-to-month,Fiber,2,0
180,22,Male,34,882.0,31524.0,Month-to-month,Fiber,2,1
181,43,Male,69,980.0,70452.0,Month-to-month,None,2,1
182,72,Male,29,1578.0,44104.0,Month-to-month,Fiber,1,0
183,31,Female,70,856.0,62301.0,Two year,Fiber,2,0
184,56,Male,62,1657.0,104771.0,Two year,Fiber,3,1
185,44,Male,27,1196.0,27499.0,One year,Fiber,1,0
186,26,Male,59,1321.0,77498.0,One year,DSL,2,0
187,32,Female,36,1347.0,49696.0,Month-to-month,Fiber,1,1
188,32,Male,21,954.0,19003.0,Month-to-month,Fiber,4,1
189,43,Female,67,1356.0,88680.0,Month-to-month,Fiber,0,0
190,59,Female,19,891.0,21157.0,Month-to-month,Fiber,1,1
191,77,Male,67,999.0,67155.0,Month-to-month,Fiber,0,0
192,30,Male,63,1423.0,89926.0,Two year,DSL,0,0
193,68,Female,16,1317.0,18454.0,Month-to-month,DSL,3,1
194,49,Male,11,1170.0,11645.0,Month-to-month,DSL,0,1
195,56,Male,21,697.0,12841.0,Month-to-month,Fiber,3,1
196,66,Female,16,796.0,14894.0,One year,DSL,0,0
197,69,Female,9,1311.0,12808.0,One year,DSL,0,0
198,78,Male,64,1493.0,94411.0,Month-to-month,Fiber,3,0
199,49,Female,21,756.0,16997.0,Month-to-month,DSL,2,1
200,21,Male,49,864.0,41829.0,One year,Fiber,2,0
201,47,Male,13,1254.0,16771.0,Month-to-month,Fiber,5,1
202,54,Male,63,1245.0,78895.0,Month-to-month,DSL,1,0
203,40,Female,46,550.0,26141.0,One year,Fiber,1,0
204,56,Male,28,1265.0,36019.0,One year,DSL,0,0
205,62,Male,35,961.0,34477.0,Month-to-month,Fiber,0,1
206,32,Male,51,1856.0,97168.0,One year,DSL,0,0
207,60,Female,6,1300.0,9081.0,One year,None,4,0
208,46,Female,28,1369.0,37658.0,Month-to-month,DSL,2,1
209,53,Female,10,1379.0,13594.0,Two year,Fiber,0,0
210,30,Female,32,714.0,25308.0,One year,Fiber,2,0
211,49,Female,5,1978.0,10115.0,One year,Fiber,1,1
212,24,Male,31,551.0,16333.0,One year,Fiber,0,1
213,76,Female,50,1518.0,74638.0,Month-to-month,Fiber,1,1
214,68,Female,57,1447.0,83025.0,Month-to-month,DSL,2,1
215,39,Female,25,1009.0,23515.0,Month-to-month,DSL,2,1
216,45,Male,45,1467.0,68585.0,Month-to-month,None,4,0
217,19,Female,28,1073.0,27968.0,Month-to-month,Fiber,2,0
218,59,Female,3,930.0,5746.0,Two year,Fiber,0,1
219,62,Male,12,1388.0,16086.0,One year,Fiber,1,0
220,79,Female,38,797.0,28133.0,One year,None,0,0
221,74,Male,14,1110.0,15918.0,Two year,DSL,2,1
222,70,Male,28,962.0,25030.0,One year,DSL,3,0
223,23,Male,28,1066.0,29917.0,Month-to-month,None,4,1
224,45,Male,31,1373.0,41408.0,Month-to-month,DSL,0,0
225,45,Male,1,962.0,2852.0,Month-to-month,Fiber,1,1
226,61,Female,46,1123.0,51931.0,One year,Fiber,2,0
227,61,Male,21,999.0,18602.0,Month-to-month,DSL,1,1
228,37,Male,26,1778.0,45034.0,One year,Fiber,1,0
229,47,Female,66,1337.0,89652.0,Month-to-month,Fiber,1,1
230,79,Male,55,1288.0,73414.0,One year,None,0,0
231,28,Female,20,1473.0,29369.0,One year,None,3,0
232,75,Female,46,962.0,42163.0,One year,DSL,1,0
233,72,Female,58,1544.0,91660.0,Two year,DSL,0,0
234,45,Male,5,1338.0,8091.0,One year,DSL,1,0
235,42,Male,18,576.0,12981.0,Two year,Fiber,1,1
236,56,Male,56,629.0,35804.0,Two year,Fiber,2,0
237,79,Female,68,971.0,64987.0,One year,DSL,1,0
238,50,Male,2,672.0,2378.0,One year,DSL,1,0
239,18,Male,0,1105.0,653.0,Month-to-month,Fiber,2,0
240,74,Male,57,795.0,44165.0,Month-to-month,None,0,1
241,44,Female,37,1161.0,43354.0,Month-to-month,Fiber,1,1
242,79,Female,14,1765.0,24320.0,Month-to-month,Fiber,2,0
243,74,Male,33,1180.0,40427.0,Month-to-month,DSL,4,1
244,69,Male,60,1079.0,65724.0,Two year,Fiber,0,0
245,30,Male,34,1355.0,43967.0,Two year,Fiber,2,0
246,58,Male,63,921.0,55718.0,One year,Fiber,2,0
247,20,Female,24,1537.0,36708.0,Month-to-month,DSL,1,1
248,56,Female,23,1398.0,32220.0,Month-to-month,Fiber,1,0
249,23,Female,11,1216.0,14898.0,Month-to-month,DSL,1,0
250,25,Female,17,1262.0,22481.0,Month-to-month,DSL,2,0
251,44,Male,14,2017.0,31155.0,Month-to-month,Fiber,1,0
252,26,Male,26,1577.0,40068.0,Month-to-month,None,0,0
253,79,Male,71,2080.0,146631.0,Two year,Fiber,1,0
254,54,Female,59,1413.0,81447.0,One year,None,1,1
255,50,Male,45,611.0,28994.0,Month-to-month,DSL,1,1
256,68,Female,16,1095.0,17564.0,Month-to-month,None,1,1
257,59,Female,52,520.0,23333.0,Month-to-month,Fiber,3,1
258,61,Male,7,1411.0,10281.0,Month-to-month,Fiber,0,1
259,41,Male,26,1498.0,39480.0,Two year,Fiber,0,0
260,32,Male,45,846.0,37781.0,Month-to-month,Fiber,0,1
261,76,Female,49,938.0,46555.0,Month-to-month,DSL,1,0
262,71,Male,70,1260.0,85760.0,Month-to-month,Fiber,0,0
263,49,Female,2,721.0,4724.0,Month-to-month,DSL,0,0
264,49,Male,63,691.0,44294.0,One year,Fiber,0,0
265,41,Female,43,1695.0,69338.0,One year,Fiber,0,1
266,58,Female,52,1246.0,64780.0,One year,DSL,0,0
267,69,Male,23,977.0,23284.0,Month-to-month,Fiber,1,0
268,66,Female,59,523.0,28631.0,Month-to-month,DSL,0,0
269,79,Female,2,1541.0,4149.0,Month-to-month,DSL,1,1
270,66,Male,19,926.0,20956.0,Two year,DSL,0,0
271,75,Female,45,1944.0,86191.0,Month-to-month,Fiber,0,1
272,69,Male,14,1544.0,22473.0,Month-to-month,DSL,2,1
273,29,Female,24,877.0,21465.0,One year,None,0,0
274,79,Male,70,914.0,65917.0,One year,DSL,1,0
275,56,Male,16,1889.0,30006.0,Month-to-month,Fiber,0,0
276,19,Female,8,1166.0,7195.0,Month-to-month,DSL,3,1
277,20,Female,37,995.0,38623.0,Month-to-month,DSL,0,1
278,66,Female,47,1211.0,54902.0,Two year,DSL,0,0
279,54,Female,59,993.0,62205.0,Month-to-month,Fiber,1,1
280,66,Female,62,1296.0,81474.0,Two year,Fiber,3,1
281,73,Male,1,1170.0,28.0,Month-to-month,DSL,1,0
282,34,Female,71,1550.0,112267.0,Two year,Fiber,1,1
283,76,Male,10,1045.0,10432.0,One year,DSL,0,0
284,66,Male,63,846.0,52855.0,Month-to-month,Fiber,0,1
285,19,Female,71,1060.0,73898.0,Two year,DSL,1,0
286,19,Male,20,1058.0,17404.0,Month-to-month,Fiber,2,0
287,45,Male,17,1169.0,21082.0,Two year,Fiber,1,0
288,71,Male,63,1454.0,88346.0,One year,None,4,1
289,40,Male,37,1432.0,51397.0,Month-to-month,DSL,0,0
290,54,Female,31,1680.0,52946.0,One year,DSL,2,0
291,49,Male,10,875.0,7749.0,Two year,Fiber,0,0
292,50,Female,44,1355.0,59934.0,Month-to-month,DSL,1,0
293,18,Female,32,1491.0,45285.0,Month-to-month,DSL,1,0
294,36,Male,40,930.0,36503.0,One year,DSL,0,1
295,79,Female,7,1117.0,8146.0,One year,Fiber,0,0
296,19,Female,10,500.0,3097.0,Month-to-month,DSL,3,0
297,70,Female,50,1563.0,81523.0,Month-to-month,DSL,0,1
298,61,Male,40,1114.0,43285.0,Month-to-month,None,2,1
299,43,Female,16,1523.0,27125.0,Month-to-month,Fiber,1,1
300,49,Female,45,1282.0,57354.0,Month-to-month,DSL,0,0
301,23,Female,31,1126.0,31769.0,Two year,DSL,0,1
302,49,Male,53,563.0,27565.0,Month-to-month,Fiber,1,1
303,72,Female,19,634.0,12398.0,One year,Fiber,3,1
304,21,Male,32,163.0,7282.0,Month-to-month,Fiber,0,0
305,72,Male,39,975.0,41565.0,Month-to-month,Fiber,0,1
306,28,Male,31,2111.0,65697.0,Month-to-month,Fiber,0,0
307,73,Male,1,685.0,1669.0,Month-to-month,DSL,3,1
308,76,Male,32,147.0,5261.0,One year,DSL,1,0
309,34,Male,29,1585.0,44315.0,Two year,DSL,0,0
310,55,Female,32,2145.0,69424.0,One year,None,2,1
311,41,Male,25,1319.0,31092.0,Two year,Fiber,2,1
312,22,Female,21,1315.0,23436.0,Two year,Fiber,1,0
313,69,Female,65,1076.0,72574.0,Month-to-month,DSL,0,1
314,51,Male,37,482.0,17381.0,One year,Fiber,2,1
315,23,Female,45,620.0,27999.0,One year,Fiber,2,0
316,39,Female,14,1073.0,17015.0,Month-to-month,Fiber,1,0
317,28,Female,43,997.0,46629.0,One year,Fiber,1,0
318,65,Female,48,1154.0,56832.0,Month-to-month,DSL,1,1
319,33,Male,60,1532.0,92126.0,Month-to-month,Fiber,1,0
320,50,Female,66,967.0,64748.0,One year,Fiber,1,0
321,26,Male,5,1540.0,7110.0,Month-to-month,Fiber,0,0
322,77,Female,8,970.0,7832.0,Month-to-month,DSL,3,0
323,76,Female,5,1615.0,8365.0,Two year,Fiber,2,0
324,23,Male,31,1235.0,36712.0,One year,DSL,0,1
325,33,Female,40,1026.0,41082.0,Month-to-month,Fiber,3,1
326,46,Female,7,1228.0,9330.0,One year,Fiber,1,1
327,20,Female,71,1083.0,77927.0,Month-to-month,DSL,2,1
328,37,Male,49,1245.0,61880.0,Month-to-month,Fiber,1,0
329,77,Female,61,1503.0,89005.0,Two year,Fiber,2,1
330,76,Male,61,1165.0,73524.0,One year,Fiber,1,0
331,53,Female,6,1052.0,8605.0,Month-to-month,None,0,0
332,36,Male,3,751.0,2061.0,One year,Fiber,2,0
333,43,Male,5,1432.0,8071.0,Two year,DSL,0,0
334,20,Female,57,1339.0,75890.0,Month-to-month,Fiber,1,0
335,36,Female,21,727.0,16771.0,Month-to-month,Fiber,1,0
336,37,Male,25,1534.0,36721.0,Month-to-month,Fiber,3,1
337,49,Male,2,721.0,4127.0,One year,None,0,0
338,24,Female,40,1612.0,65884.0,One year,Fiber,0,0
339,69,Male,59,1475.0,88476.0,One year,Fiber,2,0
340,58,Female,13,1368.0,17574.0,Two year,Fiber,2,0
341,50,Female,11,1049.0,8714.0,One year,Fiber,0,0
342,57,Female,11,1430.0,17498.0,Month-to-month,Fiber,0,1
343,56,Female,12,1631.0,16813.0,Month-to-month,DSL,0,1
344,35,Male,24,1437.0,36280.0,Month-to-month,Fiber,2,0
345,57,Female,44,932.0,39464.0,Month-to-month,Fiber,3,0
346,18,Male,18,1307.0,20352.0,One year,DSL,0,0
347,28,Female,54,1653.0,89264.0,Two year,Fiber,2,0
348,45,Male,44,2080.0,93886.0,Month-to-month,Fiber,1,1
349,74,Female,7,1118.0,5895.0,Month-to-month,Fiber,4,0
350,42,Male,52,1543.0,83434.0,One year,DSL,1,0
351,67,Male,54,1654.0,90629.0,Month-to-month,Fiber,2,1
352,40,Female,31,875.0,27439.0,Month-to-month,Fiber,2,0
353,48,Female,50,1913.0,94779.0,Month-to-month,Fiber,2,1
354,47,Female,43,774.0,32550.0,Month-to-month,DSL,2,0
355,59,Female,69,1524.0,106016.0,Two year,Fiber,1,0
356,52,Male,17,1322.0,24166.0,Month-to-month,DSL,1,0
357,24,Female,21,1222.0,24475.0,Month-to-month,DSL,1,1
358,77,Male,36,2219.0,78271.0,Month-to-month,DSL,4,1
359,33,Male,55,1079.0,58917.0,Two year,Fiber,0,0
360,43,Female,58,1073.0,65021.0,Month-to-month,Fiber,0,0
361,65,Male,2,1733.0,1032.0,Month-to-month,Fiber,2,1
362,74,Male,27,1505.0,42920.0,Month-to-month,Fiber,1,0
363,69,Male,34,1713.0,58327.0,Month-to-month,Fiber,0,1
364,77,Male,60,1247.0,71515.0,Month-to-month,DSL,4,0
365,66,Female,53,1327.0,69408.0,One year,Fiber,1,0
366,19,Female,62,1960.0,122739.0,Month-to-month,Fiber,0,0
367,18,Female,6,866.0,8800.0,Month-to-month,DSL,3,1
368,65,Female,48,1159.0,52977.0,One year,DSL,0,1
369,79,Male,30,1519.0,39932.0,Month-to-month,Fiber,1,1
370,29,Male,57,1122.0,61335.0,Month-to-month,DSL,1,1
371,22,Female,60,972.0,60581.0,Month-to-month,Fiber,0,0
372,54,Female,23,1447.0,29694.0,Two year,DSL,2,0
373,49,Female,19,1734.0,35941.0,Month-to-month,DSL,0,0
374,76,Male,36,1144.0,43614.0,Two year,DSL,1,0
375,72,Female,3,1133.0,3781.0,One year,DSL,2,1
376,26,Female,19,941.0,16626.0,Month-to-month,Fiber,1,1
377,58,Female,59,1082.0,63949.0,Two year,Fiber,1,1
378,52,Male,23,1633.0,38781.0,Month-to-month,DSL,1,0
379,36,Male,49,1232.0,61285.0,Month-to-month,Fiber,2,0
380,65,Male,48,878.0,45623.0,One year,DSL,1,0
381,33,Male,50,1305.0,64730.0,One year,Fiber,1,0
382,20,Male,35,1620.0,54098.0,One year,Fiber,0,0
383,37,Male,65,975.0,60420.0,Month-to-month,Fiber,1,1
384,41,Male,33,669.0,18722.0,Month-to-month,Fiber,5,0
385,71,Male,35,2076.0,73053.0,One year,DSL,1,0
386,73,Female,5,649.0,2776.0,Month-to-month,DSL,1,0
387,50,Female,38,1056.0,40193.0,Month-to-month,DSL,2,1
388,41,Male,41,1293.0,51939.0,Month-to-month,DSL,1,0
389,69,Male,57,1091.0,59967.0,Month-to-month,DSL,2,0
390,28,Female,11,1170.0,14099.0,Two year,DSL,0,1
391,66,Male,2,1431.0,2064.0,Month-to-month,Fiber,0,0
392,25,Male,17,243.0,2528.0,Two year,DSL,0,1
393,53,Male,39,693.0,28600.0,Month-to-month,Fiber,2,0
394,55,Female,20,1218.0,22558.0,One year,Fiber,3,0
395,57,Female,14,1038.0,15315.0,Month-to-month,DSL,1,0
396,37,Female,25,1252.0,29699.0,Month-to-month,Fiber,0,1
397,79,Female,7,1291.0,8125.0,Month-to-month,Fiber,0,1
398,52,Female,41,354.0,15664.0,Month-to-month,Fiber,3,1
399,65,Male,43,1709.0,70931.0,Month-to-month,Fiber,1,1
400,79,Female,13,1001.0,14504.0,Two year,None,0,1
401,42,Male,1,854.0,946.0,One year,Fiber,4,1
402,52,Male,36,1283.0,48701.0,Month-to-month,Fiber,0,1
403,42,Female,68,1243.0,84940.0,Month-to-month,Fiber,1,0
404,46,Female,37,1679.0,59984.0,Month-to-month,Fiber,2,1
405,35,Male,40,1309.0,55816.0,Month-to-month,None,0,0
406,63,Male,61,1663.0,99471.0,One year,Fiber,0,0
407,35,Male,59,825.0,48221.0,Two year,DSL,1,0
408,19,Female,13,1257.0,18256.0,Month-to-month,DSL,2,0
409,71,Female,1,754.0,3006.0,Month-to-month,None,0,1
410,52,Female,69,1239.0,88370.0,Month-to-month,DSL,0,0
411,33,Female,16,1154.0,16162.0,One year,DSL,1,0
412,78,Female,27,1137.0,29789.0,Month-to-month,Fiber,1,1
413,58,Male,65,1141.0,74743.0,One year,Fiber,2,0
414,53,Female,34,1495.0,50747.0,One year,Fiber,1,0
415,50,Male,4,557.0,3806.0,Month-to-month,DSL,0,0
416,21,Male,64,840.0,50558.0,One year,Fiber,3,0
417,50,Male,39,1184.0,47631.0,Month-to-month,Fiber,3,0
418,31,Female,55,729.0,41709.0,One year,Fiber,3,0
419,38,Female,35,1218.0,44688.0,Month-to-month,Fiber,1,1
420,65,Female,44,1180.0,48741.0,Month-to-month,Fiber,1,1
421,37,Male,22,638.0,11098.0,Two year,None,2,0
422,73,Male,46,619.0,27789.0,Two year,Fiber,0,0
423,25,Male,30,150.0,1778.0,One year,DSL,0,0
424,24,Male,10,712.0,3512.0,Month-to-month,DSL,1,1
425,20,Male,9,1206.0,10083.0,One year,Fiber,0,0
426,34,Male,66,1262.0,83760.0,Month-to-month,Fiber,0,0
427,50,Female,13,1281.0,22251.0,Two year,Fiber,1,1
428,65,Female,9,889.0,9098.0,Month-to-month,Fiber,1,0
429,29,Female,0,1193.0,3505.0,Two year,DSL,1,0
430,76,Female,4,1359.0,5348.0,Two year,Fiber,1,0
431,68,Male,19,693.0,14286.0,One year,Fiber,4,0
432,39,Male,7,1249.0,8451.0,Month-to-month,DSL,2,0
433,72,Female,42,1463.0,66812.0,Month-to-month,None,2,1
434,39,Male,0,1004.0,1371.0,Two year,DSL,0,0
435,63,Female,56,1625.0,89900.0,Month-to-month,DSL,0,1
436,47,Female,63,1013.0,65412.0,Two year,DSL,1,0
437,55,Female,27,856.0,23527.0,Month-to-month,Fiber,0,1
438,55,Male,36,1423.0,50380.0,Month-to-month,DSL,0,0
439,62,Female,46,2013.0,94519.0,Two year,Fiber,2,1
440,68,Female,36,1234.0,44342.0,One year,DSL,0,0
441,71,Female,48,1454.0,69696.0,Month-to-month,DSL,0,1
442,25,Male,43,997.0,43332.0,Month-to-month,Fiber,2,0
443,44,Male,55,703.0,35197.0,Month-to-month,DSL,0,0
444,44,Female,27,1267.0,31022.0,One year,None,2,0
445,51,Male,5,1330.0,8824.0,Month-to-month,Fiber,0,0
446,38,Male,60,1057.0,62066.0,Two year,DSL,2,1
447,47,Male,19,1452.0,27322.0,Two year,Fiber,2,0
448,50,Male,1,938.0,4163.0,Month-to-month,DSL,2,0
449,45,Male,36,839.0,30028.0,One year,Fiber,1,0
450,64,Male,19,1624.0,30436.0,Month-to-month,DSL,1,0
451,50,Male,25,1626.0,42442.0,Month-to-month,None,2,0
452,22,Male,28,946.0,25291.0,Two year,DSL,2,0
453,77,Male,0,1888.0,2406.0,Month-to-month,DSL,2,0
454,78,Male,34,1085.0,38641.0,Month-to-month,Fiber,1,0
455,65,Female,69,1234.0,88807.0,Month-to-month,None,0,0
456,36,Female,58,1166.0,66247.0,Month-to-month,Fiber,2,0
457,21,Male,68,1410.0,98614.0,Month-to-month,DSL,1,1
458,52,Female,32,1309.0,42996.0,One year,Fiber,2,0
459,66,Female,50,1303.0,62499.0,One year,Fiber,0,1
460,34,Male,11,792.0,3520.0,One year,DSL,3,1
461,61,Male,19,525.0,8379.0,Month-to-month,Fiber,1,0
462,45,Male,52,1657.0,86749.0,Month-to-month,Fiber,2,0
463,47,Female,42,982.0,42119.0,Month-to-month,Fiber,1,1
464,46,Female,49,1180.0,57702.0,Month-to-month,Fiber,2,1
465,63,Male,28,1331.0,37168.0,Month-to-month,Fiber,1,0
466,70,Male,56,1852.0,103460.0,Month-to-month,Fiber,1,0
467,23,Male,38,1265.0,50132.0,Month-to-month,Fiber,1,0
468,52,Female,55,1042.0,54437.0,Month-to-month,Fiber,2,0
469,77,Female,42,991.0,42159.0,Two year,DSL,2,0
470,58,Female,49,1185.0,56419.0,Two year,Fiber,0,0
471,54,Female,22,836.0,16579.0,One year,None,1,1
472,41,Male,43,1212.0,54468.0,Two year,DSL,0,0
473,46,Male,37,1179.0,41656.0,One year,Fiber,1,0
474,66,Male,22,1857.0,40575.0,Month-to-month,DSL,0,0
475,63,Male,44,1167.0,55265.0,Month-to-month,DSL,0,0
476,70,Female,51,430.0,23606.0,One year,None,0,0
477,48,Female,49,2269.0,110271.0,One year,DSL,0,0
478,52,Male,7,1583.0,10336.0,One year,Fiber,1,1
479,77,Male,0,2033.0,2454.0,One year,DSL,1,0
480,50,Female,7,737.0,7760.0,Month-to-month,DSL,1,0
481,69,Male,28,1111.0,33131.0,One year,DSL,2,1
482,78,Female,4,1470.0,7253.0,Two year,Fiber,2,1
483,38,Male,46,1415.0,66684.0,Month-to-month,DSL,3,0
484,49,Male,33,1323.0,42110.0,One year,None,4,0
485,40,Male,64,320.0,17384.0,Month-to-month,Fiber,1,0
486,50,Male,54,515.0,28931.0,One year,Fiber,0,0
487,20,Male,42,1807.0,77671.0,One year,Fiber,1,0
488,35,Male,29,1878.0,57676.0,Month-to-month,DSL,0,1
489,42,Male,16,1157.0,18110.0,One year,DSL,1,0
490,59,Female,25,1756.0,43206.0,Month-to-month,DSL,2,1
491,48,Female,7,791.0,5058.0,One year,Fiber,0,0
492,71,Female,46,882.0,41913.0,Month-to-month,DSL,0,0
493,75,Female,71,759.0,53325.0,One year,Fiber,1,0
494,20,Female,45,860.0,38596.0,Month-to-month,Fiber,1,0
495,57,Male,67,1489.0,101425.0,One year,DSL,1,0
496,63,Male,32,855.0,26108.0,Month-to-month,None,1,0
497,41,Female,0,2096.0,2782.0,Two year,None,1,0
498,67,Male,18,1384.0,26178.0,Two year,None,1,1
499,49,Female,30,1634.0,45305.0,Two year,Fiber,1,0
500,64,Female,13,1396.0,17117.0,One year,Fiber,0,0
501,39,Male,52,1686.0,83623.0,One year,DSL,0,0
502,40,Male,47,853.0,39698.0,Month-to-month,None,2,1
503,19,Male,68,1779.0,119975.0,Month-to-month,Fiber,0,0
504,44,Female,61,1256.0,78286.0,Month-to-month,Fiber,0,0
505,59,Male,65,1684.0,107698.0,One year,Fiber,0,0
506,19,Female,63,624.0,40087.0,Two year,DSL,0,0
507,43,Female,69,1272.0,88906.0,Month-to-month,Fiber,2,1
508,34,Female,62,1258.0,78510.0,Two year,Fiber,1,0
509,57,Male,32,952.0,32744.0,One year,Fiber,1,0
510,50,Male,40,1325.0,57137.0,One year,Fiber,4,0
511,26,Female,47,1816.0,85576.0,Month-to-month,DSL,1,1
512,60,Male,12,922.0,11874.0,Month-to-month,Fiber,2,1
513,71,Male,30,1585.0,45789.0,Month-to-month,DSL,1,0
514,65,Male,67,749.0,48144.0,One year,DSL,4,0
515,56,Female,3,2044.0,8200.0,Month-to-month,DSL,4,1
516,46,Female,18,1514.0,29055.0,Month-to-month,Fiber,3,1
517,59,Male,69,1890.0,128351.0,Two year,None,0,0
518,72,Female,12,1469.0,15012.0,One year,DSL,1,0
519,43,Male,22,1356.0,28535.0,Two year,None,0,1
520,52,Male,0,1517.0,283.0,Month-to-month,None,0,0
521,67,Male,53,1145.0,59867.0,Month-to-month,Fiber,1,0
522,42,Male,70,553.0,39031.0,One year,Fiber,1,0
523,41,Female,14,1379.0,21140.0,Month-to-month,Fiber,4,1
524,30,Female,64,898.0,58396.0,Month-to-month,DSL,2,0
525,77,Female,70,759.0,54202.0,Month-to-month,Fiber,0,1
526,75,Male,14,1455.0,15467.0,Month-to-month,Fiber,1,1
527,24,Male,20,1088.0,18532.0,Month-to-month,Fiber,1,1
528,74,Male,18,1611.0,27405.0,Month-to-month,Fiber,1,0
529,53,Female,59,884.0,50893.0,Month-to-month,Fiber,0,1
530,62,Male,32,1012.0,34064.0,Month-to-month,Fiber,1,0
531,37,Female,48,1660.0,77922.0,One year,Fiber,3,1
532,18,Female,34,1312.0,45942.0,Month-to-month,Fiber,1,1
533,25,Female,43,609.0,24617.0,One year,Fiber,0,0
534,63,Female,10,1303.0,10628.0,Month-to-month,Fiber,1,1
535,33,Female,71,1792.0,124923.0,Month-to-month,DSL,0,0
536,31,Female,65,1009.0,70102.0,One year,DSL,2,0
537,29,Male,45,1439.0,63140.0,Month-to-month,Fiber,0,1
538,68,Male,8,860.0,8262.0,Month-to-month,Fiber,1,1
539,40,Female,2,1145.0,826.0,Month-to-month,DSL,1,1
540,32,Female,25,1636.0,43738.0,Two year,DSL,2,1
541,45,Male,71,1288.0,92146.0,Month-to-month,DSL,2,0
542,51,Female,47,1716.0,81200.0,Month-to-month,DSL,1,0
543,19,Female,65,1370.0,89878.0,One year,Fiber,0,0
544,49,Male,69,2087.0,145051.0,Month-to-month,Fiber,2,0
545,40,Female,27,574.0,17116.0,Month-to-month,Fiber,1,0
546,39,Female,25,1113.0,26627.0,Month-to-month,None,3,0
547,68,Female,24,766.0,17069.0,One year,DSL,2,1
548,42,Male,11,794.0,8832.0,Month-to-month,DSL,0,1
549,75,Male,4,797.0,4557.0,Month-to-month,Fiber,1,1
550,79,Male,47,1267.0,59416.0,Month-to-month,DSL,0,1
551,78,Female,36,1291.0,48024.0,One year,Fiber,0,1
552,39,Female,43,1371.0,60189.0,Month-to-month,Fiber,2,0
553,75,Male,14,751.0,10080.0,Two year,Fiber,2,0
554,75,Female,42,1070.0,41446.0,Month-to-month,DSL,0,0
555,39,Female,47,814.0,37251.0,Two year,Fiber,3,1
556,66,Female,69,1574.0,112092.0,Two year,DSL,0,0
557,69,Female,45,852.0,39020.0,Month-to-month,Fiber,2,0
558,59,Female,42,1115.0,45551.0,Month-to-month,DSL,0,0
559,23,Male,20,1424.0,28981.0,Month-to-month,DSL,2,1
560,32,Female,22,954.0,22341.0,Month-to-month,Fiber,2,1
561,71,Male,46,1478.0,66710.0,One year,DSL,3,0
562,60,Female,14,1838.0,28203.0,Month-to-month,DSL,0,1
563,77,Male,24,1276.0,31615.0,Month-to-month,DSL,0,1
564,54,Female,35,1561.0,52435.0,Month-to-month,DSL,3,0
565,50,Male,50,371.0,20263.0,Two year,DSL,2,0
566,25,Female,14,1028.0,13573.0,Month-to-month,Fiber,2,1
567,70,Male,67,1274.0,85000.0,Month-to-month,DSL,2,0
568,77,Female,20,779.0,13548.0,Month-to-month,Fiber,1,1
569,61,Male,12,1283.0,16659.0,Two year,Fiber,3,0
570,61,Female,18,1624.0,28934.0,One year,Fiber,2,1
571,22,Male,33,448.0,16132.0,Month-to-month,DSL,3,0
572,56,Male,67,724.0,47406.0,Month-to-month,DSL,1,0
573,21,Female,51,1274.0,63643.0,Month-to-month,Fiber,1,1
574,23,Female,26,1384.0,34491.0,Month-to-month,DSL,0,1
575,62,Male,28,1495.0,42652.0,Two year,None,0,0
576,49,Female,27,1244.0,32227.0,One year,Fiber,0,0
577,69,Male,34,1385.0,46684.0,Month-to-month,Fiber,1,1
578,47,Male,7,1561.0,9890.0,Two year,DSL,3,1
579,64,Male,15,1034.0,16390.0,Month-to-month,Fiber,1,0
580,52,Female,35,957.0,30024.0,One year,DSL,1,0
581,72,Male,29,1133.0,33351.0,Two year,Fiber,0,1
582,57,Male,17,1280.0,25223.0,Month-to-month,Fiber,1,0
583,69,Female,1,937.0,3409.0,One year,DSL,2,0
584,33,Female,48,1042.0,48783.0,Month-to-month,DSL,1,1
585,30,Female,3,1359.0,5066.0,Month-to-month,DSL,1,1
586,67,Female,6,1263.0,8179.0,Month-to-month,DSL,2,1
587,77,Male,38,1126.0,45727.0,Month-to-month,DSL,4,0
588,59,Male,12,504.0,1028.0,One year,DSL,1,0
589,47,Male,30,1199.0,38196.0,Two year,Fiber,0,0
590,36,Male,70,812.0,56305.0,One year,DSL,2,0
591,34,Female,62,1593.0,97280.0,Two year,Fiber,0,0
592,73,Male,55,1077.0,57691.0,One year,DSL,1,0
593,36,Male,41,802.0,30282.0,Month-to-month,Fiber,0,0
594,45,Female,60,1175.0,69272.0,Month-to-month,DSL,0,0
595,75,Male,41,1708.0,67869.0,Month-to-month,Fiber,1,0
596,72,Male,55,1452.0,80220.0,One year,DSL,0,0
597,43,Male,35,1288.0,46260.0,Two year,DSL,1,1
598,54,Male,67,670.0,44377.0,Month-to-month,Fiber,5,1
599,43,Male,6,1849.0,14093.0,One year,DSL,2,1
600,70,Male,53,951.0,49306.0,One year,Fiber,0,0
601,79,Female,0,1574.0,618.0,Month-to-month,DSL,2,1
602,40,Female,43,1070.0,45064.0,Month-to-month,DSL,2,1
603,26,Male,44,1535.0,68737.0,Month-to-month,Fiber,3,0
604,29,Male,46,1723.0,80657.0,Month-to-month,None,3,1
605,70,Female,12,1459.0,18499.0,Month-to-month,Fiber,2,1
606,18,Male,21,1502.0,31294.0,Month-to-month,Fiber,0,1
607,75,Male,20,1161.0,20539.0,Month-to-month,None,2,1
608,75,Male,8,1026.0,7569.0,Month-to-month,Fiber,0,1
609,18,Female,25,1255.0,34331.0,Two year,None,0,1
610,64,Male,8,1064.0,10538.0,Month-to-month,None,1,0
611,51,Female,14,2187.0,31206.0,One year,Fiber,1,0
612,49,Male,9,803.0,6458.0,Month-to-month,DSL,2,1
613,79,Female,41,1601.0,65614.0,Month-to-month,Fiber,4,1
614,71,Female,71,1407.0,99137.0,Two year,Fiber,0,0
615,65,Male,23,1292.0,32102.0,Month-to-month,Fiber,1,1
616,42,Female,48,1792.0,84338.0,Month-to-month,Fiber,1,1
617,57,Male,25,1319.0,34822.0,One year,Fiber,2,0
618,62,Female,36,946.0,32998.0,Month-to-month,Fiber,1,0
619,70,Male,67,1317.0,90881.0,Month-to-month,None,0,0
620,18,Male,49,1127.0,56077.0,Month-to-month,DSL,3,0
621,33,Female,23,1401.0,30724.0,Month-to-month,DSL,2,0
622,78,Male,18,1525.0,26831.0,Month-to-month,DSL,3,1
623,56,Male,59,856.0,51927.0,Month-to-month,DSL,2,0
624,22,Female,38,1678.0,62766.0,Two year,Fiber,2,0
625,39,Male,17,1098.0,18710.0,One year,DSL,0,0
626,46,Male,18,1377.0,23760.0,One year,None,1,0
627,72,Female,35,1447.0,54163.0,One year,Fiber,3,1
628,20,Female,54,1347.0,76600.0,Two year,DSL,3,1
629,29,Male,68,1156.0,81534.0,Month-to-month,DSL,1,0
630,43,Male,46,1005.0,45981.0,Two year,None,3,0
631,33,Female,48,1092.0,51610.0,One year,DSL,2,0
632,68,Female,32,1826.0,56874.0,One year,Fiber,1,1
633,54,Male,20,854.0,20151.0,Month-to-month,Fiber,0,0
634,39,Female,21,912.0,21013.0,Month-to-month,Fiber,0,0
635,74,Male,47,895.0,44023.0,Month-to-month,DSL,0,0
636,46,Male,36,1254.0,44644.0,One year,Fiber,1,0
637,31,Male,14,590.0,4744.0,Month-to-month,DSL,0,1
638,45,Male,34,659.0,19350.0,One year,Fiber,3,1
639,22,Male,70,1096.0,76835.0,Month-to-month,Fiber,1,0
640,64,Female,31,685.0,20190.0,Month-to-month,Fiber,1,0
641,66,Female,10,717.0,5895.0,Month-to-month,DSL,1,1
642,47,Female,9,688.0,6882.0,Month-to-month,Fiber,2,1
643,63,Female,56,861.0,50243.0,Month-to-month,Fiber,0,0
644,79,Male,24,1492.0,34406.0,Month-to-month,Fiber,3,0
645,69,Male,1,1582.0,1029.0,Two year,Fiber,2,0
646,22,Male,63,1968.0,122629.0,Month-to-month,Fiber,3,1
647,29,Male,34,1953.0,64314.0,Month-to-month,DSL,1,0
648,33,Female,6,1515.0,10276.0,One year,DSL,1,0
649,43,Male,17,1611.0,27379.0,Two year,Fiber,0,0
650,43,Male,66,1252.0,86393.0,One year,DSL,1,0
651,65,Female,41,1408.0,59197.0,Month-to-month,None,2,0
652,38,Female,38,1977.0,78754.0,Two year,DSL,2,0
653,56,Female,40,1348.0,51112.0,One year,DSL,3,0
654,53,Female,23,1661.0,31697.0,Month-to-month,DSL,1,0
655,50,Male,59,826.0,49220.0,Month-to-month,None,1,0
656,79,Male,45,934.0,42276.0,Month-to-month,DSL,0,0
657,47,Female,18,1325.0,23604.0,Month-to-month,Fiber,3,1
658,54,Male,67,1260.0,84612.0,One year,DSL,0,0
659,40,Male,41,952.0,36784.0,Month-to-month,DSL,1,0
660,75,Male,31,2163.0,68179.0,Two year,Fiber,2,0
661,27,Female,38,1269.0,49694.0,Month-to-month,Fiber,1,0
662,71,Male,35,1023.0,33406.0,Month-to-month,DSL,0,0
663,22,Female,35,1261.0,43428.0,Month-to-month,DSL,1,0
664,53,Male,2,1210.0,1836.0,Month-to-month,Fiber,4,1
665,51,Male,7,1275.0,7583.0,One year,DSL,0,1
666,69,Male,69,563.0,36525.0,One year,Fiber,1,0
667,48,Female,40,1717.0,68705.0,Month-to-month,Fiber,2,1
668,27,Male,67,1740.0,117102.0,Month-to-month,DSL,2,1
669,75,Female,12,1788.0,20236.0,Month-to-month,Fiber,1,0
670,36,Female,48,1330.0,61658.0,One year,Fiber,0,0
671,75,Female,59,1465.0,87256.0,Month-to-month,None,1,1
672,49,Male,1,854.0,681.0,Month-to-month,Fiber,0,1
673,18,Male,59,1533.0,89829.0,One year,Fiber,2,1
674,73,Male,4,1301.0,4332.0,Two year,None,1,0
675,22,Male,43,1016.0,46179.0,Month-to-month,DSL,1,0
676,62,Female,26,1546.0,38753.0,Month-to-month,DSL,2,0
677,21,Female,31,1561.0,51842.0,One year,DSL,1,0
678,33,Female,20,1224.0,25985.0,One year,Fiber,1,1
679,41,Male,7,1375.0,13267.0,Month-to-month,DSL,1,1
680,33,Female,71,787.0,57206.0,Two year,DSL,0,0
681,72,Male,49,1697.0,82711.0,One year,DSL,2,0
682,19,Female,66,840.0,53605.0,Month-to-month,DSL,2,0
683,66,Male,43,918.0,38763.0,Month-to-month,DSL,1,0
684,45,Male,57,1225.0,72800.0,Month-to-month,Fiber,2,0
685,49,Female,2,1646.0,3196.0,One year,Fiber,0,0
686,44,Female,69,1646.0,114896.0,Month-to-month,DSL,2,0
687,37,Female,1,1198.0,1612.0,One year,DSL,2,1
688,41,Female,43,1509.0,65386.0,One year,DSL,2,1
689,29,Male,1,524.0,1100.0,Month-to-month,Fiber,0,0
690,67,Female,34,912.0,31999.0,One year,DSL,2,0
691,52,Female,29,920.0,25052.0,Two year,DSL,1,0
692,77,Female,7,1701.0,11357.0,Month-to-month,DSL,1,1
693,50,Male,21,1462.0,31321.0,Month-to-month,DSL,1,1
694,50,Male,43,1274.0,55109.0,Month-to-month,None,2,0
695,78,Female,57,1313.0,73919.0,Two year,DSL,0,0
696,68,Male,35,1827.0,64778.0,Two year,DSL,0,1
697,60,Female,68,1132.0,75434.0,Month-to-month,DSL,2,0
698,54,Male,30,674.0,17774.0,One year,None,1,0
699,29,Male,46,1635.0,75800.0,Month-to-month,DSL,1,1
700,20,Male,54,1273.0,66345.0,Month-to-month,DSL,0,0
701,18,Male,61,1581.0,97001.0,Month-to-month,DSL,0,0
702,50,Female,29,1182.0,30369.0,Month-to-month,DSL,2,1
703,57,Female,54,865.0,45260.0,Month-to-month,Fiber,0,0
704,27,Female,15,1361.0,19760.0,Month-to-month,Fiber,0,0
705,60,Male,11,1204.0,10031.0,Month-to-month,None,0,1
706,61,Female,16,1274.0,19639.0,Two year,DSL,1,0
707,46,Female,15,1847.0,30075.0,Month-to-month,DSL,1,0
708,30,Female,11,761.0,5830.0,Month-to-month,None,0,1
709,29,Male,7,1314.0,8507.0,Month-to-month,DSL,0,0
710,48,Male,2,872.0,5149.0,One year,DSL,0,0
711,63,Male,15,164.0,336.0,Month-to-month,DSL,1,1
712,19,Female,29,1180.0,37014.0,Month-to-month,DSL,1,1
713,78,Female,22,1212.0,26106.0,Two year,Fiber,3,1
714,68,Female,4,1449.0,6000.0,Month-to-month,Fiber,2,1
715,67,Male,64,1113.0,73815.0,Month-to-month,Fiber,2,0
716,52,Male,29,604.0,16546.0,One year,Fiber,0,0
717,40,Female,20,871.0,18682.0,Month-to-month,DSL,0,1
718,34,Male,69,1727.0,120932.0,Month-to-month,Fiber,1,0
719,43,Male,21,865.0,16863.0,Month-to-month,Fiber,2,0
720,25,Male,71,1833.0,128620.0,Month-to-month,Fiber,2,1
721,46,Male,31,1620.0,49763.0,Month-to-month,Fiber,4,0
722,43,Female,32,1073.0,33941.0,Month-to-month,DSL,2,1
723,27,Male,15,908.0,11462.0,Month-to-month,DSL,2,0
724,43,Male,37,1619.0,58620.0,Month-to-month,DSL,2,1
725,79,Male,13,1104.0,7418.0,One year,Fiber,1,0
726,51,Male,35,582.0,19701.0,Month-to-month,Fiber,0,1
727,68,Female,22,1425.0,33139.0,Month-to-month,Fiber,2,0
728,58,Female,65,1367.0,85522.0,Two year,DSL,2,1
729,24,Male,1,1655.0,729.0,One year,Fiber,2,1
730,21,Male,64,1340.0,90645.0,Month-to-month,DSL,2,0
731,75,Male,66,980.0,64635.0,Two year,Fiber,0,0
732,70,Male,51,1708.0,89822.0,Month-to-month,DSL,2,1
733,67,Male,61,1747.0,104543.0,Month-to-month,Fiber,2,1
734,62,Male,22,1293.0,29344.0,One year,Fiber,0,0
735,28,Female,25,1224.0,28236.0,Month-to-month,DSL,1,0
736,46,Male,67,671.0,45759.0,Month-to-month,Fiber,0,1
737,73,Female,54,957.0,53362.0,Month-to-month,Fiber,1,0
738,53,Female,5,1504.0,8730.0,Month-to-month,DSL,1,1
739,42,Male,34,977.0,32528.0,Month-to-month,DSL,2,0
740,38,Female,21,617.0,13507.0,Two year,DSL,2,0
741,78,Female,42,2598.0,109685.0,Month-to-month,Fiber,1,1
742,74,Female,14,615.0,9942.0,Two year,Fiber,0,0
743,53,Female,59,2103.0,123829.0,Month-to-month,Fiber,1,0
744,27,Female,11,1077.0,13709.0,One year,Fiber,0,0
745,54,Female,48,1166.0,58837.0,One year,DSL,1,0
746,26,Male,41,931.0,37535.0,One year,DSL,0,0
747,41,Female,37,1513.0,56074.0,Month-to-month,Fiber,0,1
748,52,Female,44,624.0,25646.0,Month-to-month,DSL,2,1
749,66,Female,34,464.0,16457.0,Month-to-month,Fiber,4,1
750,52,Male,29,1844.0,54169.0,Two year,DSL,1,0
751,65,Female,29,878.0,25578.0,One year,Fiber,0,0
752,53,Male,5,1498.0,7757.0,Month-to-month,Fiber,0,0
753,35,Female,66,766.0,54400.0,Month-to-month,DSL,2,1
754,66,Male,6,1483.0,3125.0,Month-to-month,DSL,0,0
755,56,Male,51,1873.0,94530.0,One year,DSL,2,0
756,49,Female,13,989.0,12170.0,Month-to-month,Fiber,5,1
757,41,Female,14,427.0,8892.0,One year,Fiber,0,0
758,40,Male,20,1876.0,38471.0,Two year,Fiber,1,1
759,79,Female,34,1570.0,54379.0,Month-to-month,Fiber,1,0
760,49,Male,65,1011.0,68235.0,Month-to-month,DSL,2,0
761,54,Male,1,1113.0,753.0,Month-to-month,Fiber,2,1
762,29,Male,34,756.0,27009.0,Month-to-month,Fiber,0,0
763,66,Male,19,1768.0,32530.0,Month-to-month,DSL,1,1
764,72,Male,9,986.0,6767.0,Month-to-month,Fiber,2,0
765,30,Female,24,633.0,18780.0,Two year,DSL,2,0
766,40,Male,65,1285.0,84263.0,Month-to-month,DSL,1,1
767,42,Male,24,856.0,21833.0,Month-to-month,Fiber,1,0
768,52,Female,53,788.0,39604.0,Two year,None,2,0
769,58,Male,32,1028.0,33917.0,One year,DSL,2,1
770,47,Female,35,1235.0,46781.0,Month-to-month,Fiber,3,0
771,34,Female,13,648.0,7869.0,Month-to-month,Fiber,1,1
772,66,Female,64,1754.0,109744.0,Month-to-month,Fiber,2,1
773,79,Male,53,1471.0,78331.0,One year,DSL,0,1
774,37,Male,51,1054.0,51682.0,One year,DSL,1,1
775,65,Male,2,839.0,1438.0,One year,DSL,1,1
776,42,Female,40,1164.0,45090.0,Month-to-month,None,0,1
777,39,Male,5,1560.0,6815.0,One year,DSL,2,0
778,30,Female,24,1498.0,33978.0,Month-to-month,DSL,1,1
779,76,Male,12,1623.0,22129.0,Month-to-month,Fiber,1,0
780,36,Female,7,1008.0,10835.0,Month-to-month,DSL,2,1
781,66,Male,20,100.0,3236.0,Month-to-month,Fiber,0,1
782,53,Male,67,1699.0,114601.0,Month-to-month,DSL,0,1
783,29,Male,24,1133.0,26908.0,One year,Fiber,2,0
784,78,Female,67,1466.0,96429.0,Two year,Fiber,1,0
785,58,Female,44,1868.0,85398.0,Month-to-month,Fiber,2,0
786,36,Male,59,2174.0,128140.0,Month-to-month,Fiber,1,1
787,29,Male,11,940.0,9415.0,Month-to-month,DSL,3,0
788,26,Female,31,1254.0,40904.0,Month-to-month,Fiber,0,1
789,24,Female,12,1747.0,20817.0,Month-to-month,DSL,2,1
790,45,Female,30,862.0,27815.0,Two year,Fiber,3,0
791,31,Male,19,967.0,17554.0,Month-to-month,DSL,1,1
792,48,Female,17,965.0,18440.0,Month-to-month,Fiber,0,0
793,69,Male,59,1189.0,72111.0,Month-to-month,Fiber,2,1
794,36,Female,62,1112.0,71594.0,Two year,DSL,0,0
795,75,Male,5,962.0,3391.0,One year,Fiber,0,0
796,64,Female,31,814.0,25068.0,Two year,Fiber,2,0
797,33,Female,42,1525.0,67946.0,One year,Fiber,2,1
798,70,Female,1,1735.0,1242.0,Month-to-month,Fiber,0,1
799,22,Female,59,1793.0,107409.0,Month-to-month,DSL,2,0
800,52,Female,22,1008.0,26757.0,One year,Fiber,3,1
801,29,Male,30,1541.0,42532.0,Month-to-month,DSL,1,0
802,42,Female,4,1295.0,4621.0,Month-to-month,DSL,3,0
803,69,Female,33,972.0,32080.0,Month-to-month,Fiber,0,1
804,76,Female,9,1494.0,9848.0,Month-to-month,None,0,0
805,38,Male,1,953.0,41.0,Month-to-month,DSL,1,0
806,53,Female,10,1050.0,8557.0,Month-to-month,DSL,1,1
807,70,Male,49,649.0,33516.0,One year,DSL,1,1
808,40,Female,30,1014.0,26955.0,Month-to-month,DSL,2,1
809,33,Female,55,1302.0,75389.0,Month-to-month,DSL,0,0
810,74,Male,8,1828.0,16004.0,Month-to-month,Fiber,0,0
811,56,Female,20,1059.0,19072.0,Month-to-month,Fiber,1,1
812,62,Male,27,785.0,23248.0,Month-to-month,Fiber,3,0
813,70,Male,61,1799.0,110933.0,Month-to-month,Fiber,1,1
814,59,Female,6,998.0,5910.0,Month-to-month,Fiber,2,1
815,75,Male,15,501.0,6072.0,Month-to-month,Fiber,1,0
816,56,Female,3,1253.0,4854.0,Month-to-month,Fiber,1,1
817,31,Female,3,1070.0,3456.0,Month-to-month,DSL,2,1
818,48,Male,39,2120.0,81302.0,Month-to-month,DSL,2,0
819,75,Male,16,1390.0,19553.0,Month-to-month,None,3,0
820,22,Male,51,1141.0,56490.0,Month-to-month,Fiber,0,1
821,52,Male,51,830.0,41323.0,One year,DSL,3,0
822,40,Female,35,1332.0,48945.0,Month-to-month,DSL,0,1
823,46,Female,37,1783.0,67693.0,Month-to-month,Fiber,1,1
824,60,Male,49,1325.0,64025.0,Month-to-month,Fiber,0,0
825,28,Female,62,861.0,52560.0,One year,None,2,0
826,35,Female,62,1416.0,89775.0,Two year,DSL,1,0
827,64,Female,61,1181.0,72576.0,One year,Fiber,2,0
828,29,Female,6,1379.0,8781.0,One year,Fiber,1,1
829,26,Male,26,1058.0,26101.0,Month-to-month,Fiber,2,0
830,27,Male,13,1049.0,13390.0,One year,DSL,1,0
831,75,Female,70,1033.0,72319.0,Month-to-month,DSL,2,0
832,61,Male,4,1577.0,6126.0,Month-to-month,Fiber,2,1
833,34,Male,54,1053.0,58330.0,Month-to-month,Fiber,1,1
834,78,Male,1,1016.0,2547.0,Month-to-month,DSL,1,0
835,55,Female,61,823.0,48365.0,Two year,DSL,1,0
836,24,Female,20,1382.0,26640.0,Month-to-month,Fiber,1,1
837,63,Female,20,1325.0,25125.0,One year,DSL,1,0
838,30,Male,9,1020.0,11957.0,Month-to-month,Fiber,0,1
839,57,Female,57,916.0,56719.0,Month-to-month,Fiber,0,0
840,59,Female,38,1950.0,73173.0,Month-to-month,DSL,2,1
841,26,Male,4,448.0,1458.0,Month-to-month,Fiber,0,1
842,67,Female,64,1397.0,91093.0,One year,DSL,1,0
843,44,Female,12,1717.0,19190.0,Month-to-month,DSL,1,0
844,75,Male,52,100.0,6930.0,Month-to-month,DSL,1,0
845,19,Male,44,1518.0,66750.0,One year,Fiber,2,0
846,22,Male,31,1112.0,30985.0,Month-to-month,Fiber,0,1
847,46,Female,35,1302.0,42969.0,Two year,Fiber,2,0
848,54,Female,59,1071.0,62513.0,Month-to-month,DSL,0,0
849,55,Female,10,1630.0,18746.0,Month-to-month,DSL,1,0
850,36,Male,62,1345.0,81605.0,Month-to-month,DSL,1,1
851,25,Male,20,1253.0,23992.0,Month-to-month,DSL,3,1
852,65,Female,51,840.0,43262.0,Month-to-month,None,1,0
853,62,Female,54,1953.0,102124.0,One year,DSL,1,1
854,18,Male,25,1204.0,30697.0,Two year,Fiber,0,1
855,39,Male,67,2116.0,138685.0,One year,Fiber,1,1
856,69,Male,33,1971.0,66177.0,Month-to-month,DSL,3,1
857,34,Male,51,489.0,23321.0,Month-to-month,Fiber,2,0
858,24,Female,51,938.0,45954.0,Month-to-month,Fiber,1,0
859,42,Male,28,785.0,22526.0,Month-to-month,DSL,2,1
860,62,Female,37,1181.0,45285.0,One year,DSL,1,0
861,21,Female,41,1275.0,53028.0,Month-to-month,Fiber,1,1
862,53,Female,20,1292.0,26255.0,Month-to-month,DSL,0,0
863,23,Male,41,1622.0,66946.0,Month-to-month,DSL,1,0
864,77,Male,12,1797.0,22329.0,Two year,Fiber,1,0
865,48,Male,63,1587.0,100877.0,Month-to-month,Fiber,1,1
866,36,Male,16,976.0,14827.0,Month-to-month,Fiber,2,1
867,78,Female,8,887.0,8405.0,Month-to-month,DSL,0,1
868,61,Male,40,1201.0,46444.0,Month-to-month,DSL,1,0
869,71,Male,0,1370.0,2183.0,Month-to-month,DSL,1,1
870,56,Female,1,1127.0,2692.0,Month-to-month,DSL,3,0
871,44,Male,59,662.0,43420.0,One year,Fiber,0,0
872,27,Female,47,1473.0,70259.0,Month-to-month,Fiber,1,0
873,43,Female,28,1043.0,31022.0,One year,DSL,0,0
874,36,Female,9,1031.0,6158.0,Two year,Fiber,0,1
875,56,Female,57,1178.0,69029.0,One year,Fiber,2,1
876,79,Female,59,1104.0,67489.0,Month-to-month,Fiber,0,1
877,20,Female,20,1053.0,24069.0,Month-to-month,Fiber,3,1
878,62,Female,27,688.0,18817.0,One year,Fiber,0,1
879,30,Female,33,1155.0,37431.0,One year,Fiber,1,0
880,67,Male,7,1481.0,8188.0,Month-to-month,Fiber,2,1
881,45,Male,58,1306.0,73752.0,One year,Fiber,4,1
882,79,Male,71,1579.0,112058.0,Month-to-month,DSL,1,0
883,75,Male,48,909.0,40129.0,Month-to-month,DSL,3,1
884,37,Female,16,689.0,9488.0,Month-to-month,Fiber,0,1
885,45,Male,59,1102.0,65197.0,Month-to-month,DSL,0,0
886,25,Female,44,954.0,42110.0,Month-to-month,Fiber,1,1
887,78,Male,68,996.0,65789.0,One year,DSL,1,0
888,58,Male,31,1285.0,37367.0,Month-to-month,DSL,1,1
889,56,Male,43,999.0,40788.0,Month-to-month,DSL,1,0
890,18,Female,64,700.0,44358.0,Month-to-month,DSL,2,0
891,20,Male,7,976.0,11092.0,Month-to-month,Fiber,1,0
892,30,Female,71,1336.0,96977.0,Month-to-month,Fiber,1,1
893,45,Female,42,1469.0,62126.0,One year,DSL,1,0
894,79,Male,0,1465.0,1108.0,One year,Fiber,3,1
895,74,Male,50,1370.0,70532.0,One year,Fiber,1,0
896,77,Male,23,1133.0,27410.0,One year,DSL,1,1
897,66,Female,23,1362.0,30710.0,Month-to-month,DSL,4,1
898,42,Male,16,1183.0,17237.0,Month-to-month,DSL,1,0
899,73,Female,4,1245.0,4729.0,Month-to-month,Fiber,3,0
900,50,Female,19,824.0,17664.0,Month-to-month,DSL,0,1
901,55,Male,20,1218.0,23819.0,Two year,Fiber,1,1
902,70,Male,57,1351.0,74798.0,Month-to-month,Fiber,0,1
903,23,Female,30,1336.0,36633.0,Month-to-month,DSL,0,1
904,75,Female,10,685.0,6608.0,Two year,Fiber,2,0
905,61,Female,51,1239.0,61138.0,Two year,Fiber,1,0
906,62,Male,14,622.0,7835.0,One year,DSL,0,0
907,49,Female,6,1269.0,10526.0,Month-to-month,Fiber,1,1
908,62,Male,27,919.0,24705.0,Month-to-month,Fiber,2,1
909,78,Female,50,1882.0,92599.0,Month-to-month,Fiber,2,1
910,64,Female,57,1248.0,71754.0,Month-to-month,Fiber,1,1
911,38,Male,4,1520.0,9922.0,Month-to-month,Fiber,2,0
912,33,Female,4,2044.0,7935.0,Month-to-month,DSL,1,1
913,71,Male,7,873.0,1400.0,Two year,DSL,0,1
914,38,Male,63,1374.0,87862.0,Month-to-month,Fiber,2,1
915,28,Female,9,726.0,7227.0,One year,DSL,1,0
916,77,Male,37,1338.0,49686.0,One year,Fiber,1,0
917,54,Male,7,1906.0,12904.0,Month-to-month,Fiber,1,0
918,53,Female,24,949.0,21161.0,One year,DSL,1,1
919,52,Male,65,846.0,58020.0,Month-to-month,Fiber,0,0
920,36,Male,49,1164.0,53359.0,Month-to-month,None,0,1
921,37,Male,66,2018.0,132570.0,One year,Fiber,0,0
922,74,Female,48,1508.0,71719.0,Month-to-month,DSL,1,0
923,35,Male,35,838.0,31037.0,Two year,Fiber,4,1
924,64,Female,67,1782.0,121865.0,Month-to-month,Fiber,0,0
925,58,Female,40,538.0,21067.0,Month-to-month,Fiber,1,1
926,66,Male,61,2055.0,125741.0,Month-to-month,DSL,3,1
927,31,Male,9,1543.0,14443.0,Month-to-month,DSL,1,0
928,32,Male,20,1905.0,40207.0,Month-to-month,None,1,0
929,48,Female,35,541.0,21000.0,One year,Fiber,3,0
930,18,Male,11,1268.0,12871.0,One year,Fiber,1,0
931,70,Male,1,1146.0,2022.0,One year,Fiber,2,1
932,71,Male,12,797.0,10331.0,Month-to-month,DSL,0,0
933,71,Male,52,682.0,35232.0,One year,DSL,0,0
934,20,Male,31,1403.0,44241.0,One year,Fiber,0,1
935,33,Female,15,1439.0,21625.0,One year,DSL,2,0
936,40,Female,31,1720.0,53636.0,Month-to-month,Fiber,2,0
937,74,Male,31,999.0,28257.0,One year,DSL,2,0
938,28,Male,10,1143.0,9594.0,One year,DSL,1,1
939,29,Male,9,647.0,7459.0,Month-to-month,Fiber,0,0
940,27,Male,14,1816.0,23003.0,One year,Fiber,1,1
941,49,Female,16,1228.0,20588.0,Month-to-month,None,2,1
942,33,Male,39,1489.0,57908.0,Month-to-month,DSL,1,0
943,25,Female,17,1503.0,27612.0,Month-to-month,DSL,3,1
944,55,Female,54,1784.0,97634.0,Month-to-month,DSL,3,0
945,29,Male,24,867.0,19901.0,Month-to-month,Fiber,1,1
946,41,Female,58,1479.0,85336.0,One year,DSL,0,0
947,45,Female,21,1190.0,21019.0,Month-to-month,DSL,1,1
948,70,Female,29,2042.0,58957.0,One year,DSL,3,0
949,25,Female,43,866.0,34698.0,Two year,Fiber,0,0
950,75,Male,31,1669.0,51302.0,Month-to-month,Fiber,4,1
951,45,Male,50,1340.0,65724.0,Two year,Fiber,2,1
952,53,Female,45,1319.0,57602.0,Two year,Fiber,1,1
953,43,Male,20,1222.0,26815.0,One year,Fiber,0,0
954,25,Male,31,1739.0,51357.0,One year,Fiber,1,1
955,75,Male,38,1306.0,47702.0,Two year,Fiber,1,0
956,77,Male,11,590.0,5094.0,One year,Fiber,0,0
957,67,Male,46,1688.0,76686.0,Month-to-month,DSL,0,0
958,45,Female,17,1614.0,25684.0,One year,Fiber,0,0
959,45,Male,20,1435.0,27982.0,One year,Fiber,0,0
960,54,Male,12,749.0,9592.0,Month-to-month,Fiber,1,1
961,58,Male,20,811.0,17560.0,Month-to-month,Fiber,3,0
962,53,Male,7,449.0,4386.0,One year,DSL,0,0
963,44,Female,45,1384.0,58464.0,Month-to-month,Fiber,5,1
964,71,Female,6,660.0,4720.0,Two year,DSL,1,0
965,34,Female,22,512.0,12148.0,Month-to-month,None,2,1
966,26,Female,21,1710.0,34585.0,Month-to-month,DSL,3,1
967,50,Male,21,1507.0,34982.0,Month-to-month,DSL,2,1
968,70,Female,28,1067.0,32051.0,Month-to-month,DSL,1,0
969,37,Male,12,1146.0,13386.0,One year,DSL,1,0
970,30,Male,1,237.0,955.0,Two year,Fiber,0,0
971,45,Male,28,1567.0,47179.0,One year,Fiber,0,1
972,65,Male,51,923.0,47035.0,Month-to-month,DSL,2,0
973,46,Male,26,1332.0,34802.0,Month-to-month,Fiber,0,1
974,30,Female,49,205.0,10190.0,One year,Fiber,2,0
975,63,Female,22,1591.0,39608.0,Two year,DSL,0,1
976,52,Female,43,899.0,38224.0,Month-to-month,DSL,3,1
977,78,Female,21,650.0,13603.0,Month-to-month,Fiber,1,1
978,23,Male,42,1064.0,43026.0,Month-to-month,DSL,0,0
979,35,Female,36,961.0,33817.0,Two year,Fiber,1,0
980,68,Male,60,1630.0,95737.0,One year,DSL,0,0
981,22,Female,55,1032.0,55139.0,Month-to-month,Fiber,3,1
982,64,Male,2,1745.0,130.0,Month-to-month,Fiber,0,0
983,42,Male,62,1332.0,84347.0,Two year,DSL,2,0
984,19,Female,18,1558.0,28357.0,Month-to-month,Fiber,0,0
985,27,Male,22,1199.0,26856.0,Month-to-month,DSL,0,1
986,73,Male,28,1709.0,47747.0,Month-to-month,Fiber,3,1
987,47,Female,29,739.0,21575.0,Month-to-month,Fiber,1,0
988,67,Male,38,1245.0,50548.0,Month-to-month,DSL,2,1
989,76,Female,24,1041.0,23446.0,One year,Fiber,1,1
990,62,Female,7,1759.0,12870.0,Two year,Fiber,0,0
991,22,Female,57,1800.0,103146.0,One year,Fiber,3,0
992,72,Male,15,1200.0,20284.0,Two year,DSL,1,0
993,73,Male,71,683.0,49370.0,Month-to-month,None,0,0
994,50,Male,0,1371.0,978.0,One year,None,1,0
995,71,Female,4,534.0,381.0,Month-to-month,Fiber,1,1
996,18,Male,2,1850.0,2082.0,One year,Fiber,2,1
997,35,Female,64,1011.0,62370.0,Two year,Fiber,0,0
998,49,Female,3,1188.0,1388.0,Month-to-month,DSL,1,0
999,64,Male,63,928.0,59258.0,Month-to-month,Fiber,0,0
1000,66,Female,9,839.0,7028.0,Month-to-month,None,1,0
